id,Lat,Long,InjTopDepth,InjBotDepth,TotalCumVolume,AvgPressurePSI,WellStatus,WellType,QuakeDepth,Maxmagnitude,CountQuake,Avgmagnitude
1,33.96,-97.3,NA,NA,NA,NA,NA,NA,5,1.5,5,1.12
2,34.07,-97.5,NA,NA,NA,NA,NA,NA,6.658210526,3.2,19,2.247368421
3,34.08,-97.5,NA,NA,NA,NA,NA,NA,5.3095,2.4,4,1.875
4,34.2,-96.4,NA,NA,NA,NA,NA,NA,5,1.8,1,1.8
5,34.38,-96.8,NA,NA,NA,NA,NA,NA,1.675666667,2,3,1.833333333
6,34.42,-97.5,2830.25,3292.625,47655645,576.5922265,AC,2RIn,4.9885,2.4,2,2.2
7,34.43,-97.5,2803.538462,3416,52110445,568.5475863,AC,2RIn,4.3565,2.5,2,2.35
8,34.43,-97.6,4367.647059,5051.352941,27013738,541.0120286,AC,2RIn,5,2.7,10,2.31
9,34.47,-97.2,NA,NA,NA,NA,NA,NA,0,1.6,2,1.5
10,34.53,-97.7,5161.5,5332.5,NA,NA,AC,2RIn,4.42325,2.4,4,2.275
11,34.55,-97.4,1267,1282,45723,250,AC,2RIn,0.088555556,2.3,9,1.888888889
12,34.57,-97.4,7991,10170,68426,56.83843537,AC,2RIn,0.67125,2.2,8,1.8625
13,34.63,-96.3,NA,NA,NA,NA,NA,NA,5.735,2.4,1,2.4
14,34.64,-96.4,NA,NA,NA,NA,NA,NA,1.8848,2.6,5,1.96
15,34.66,-96.4,NA,NA,NA,NA,NA,NA,2.358478261,2.6,23,2.030434783
16,34.88,-97.7,3265,3753,224498,113.3333333,AC,2DNC,2.5365,3,6,2.3
17,34.99,-97.7,NA,NA,NA,NA,NA,NA,4.8416,2.5,5,2.14
18,35.05,-97.6,9038,9120,3205993,784.5151515,AC,2RIn,6.364857143,3.2,7,2.714285714
19,35.07,-97.6,NA,NA,NA,NA,NA,NA,5.518875,2.9,8,2.1375
20,35.08,-97.6,NA,NA,236949,185.7337662,AC,2DNC,5.310857143,2.8,14,1.921428571
21,35.13,-97.9,NA,NA,NA,NA,NA,NA,10.25066667,2.8,3,2.366666667
22,35.27,-97,NA,NA,NA,NA,NA,NA,5.667666667,2.6,3,2.466666667
23,35.28,-97,5094.5,5106.5,495580,4.285714286,AC,2DCm,4.448,2.2,1,2.2
24,35.29,-98,NA,NA,NA,NA,NA,NA,7.887,2.4,7,2.171428571
25,35.33,-96.5,4363,6073.5,27082115.52,148.6933333,AC,2RIn,4.617,2.2,4,1.7
26,35.34,-96.5,3878.5,3903.5,1044082,170.09375,PA,2D,4.386142857,3,7,1.8
27,35.35,-96.5,3423.333333,3476,2656400,NA,AC,2DNC,4.085461538,3.6,13,2.053846154
28,35.36,-96.6,NA,NA,2287800,NA,AC,2DNC,5,2.8,7,1.985714286
29,35.36,-97,NA,NA,NA,NA,NA,NA,6.331,2.2,4,2.025
30,35.37,-96.5,NA,NA,118590,NA,AC,2DNC,4.375714286,3.5,28,1.917857143
31,35.38,-96.5,2490.5,2691,585720,157.6190476,AC,2DNC,4.497883721,3.5,43,1.860465116
32,35.38,-96.6,NA,NA,87044831,318.2906746,AC,2DNC,4.214238095,3,21,1.761904762
33,35.38,-98.1,NA,NA,NA,NA,NA,NA,7.693133333,2.7,15,2.3
34,35.39,-96.5,NA,NA,NA,NA,NA,NA,4.566382353,3.6,34,1.732352941
35,35.39,-96.6,NA,NA,3889689,33.86904762,AC,2DNC,5.015266667,3,15,1.933333333
36,35.39,-98.1,NA,NA,NA,NA,NA,NA,7.9622,2.7,10,2.47
37,35.4,-96.5,4446,4847,28635320,393.6333333,AC,2DNC,3.977106383,3.6,47,1.931914894
38,35.41,-96.5,NA,NA,NA,NA,NA,NA,4.210166667,3.1,24,1.8625
39,35.42,-96.5,1225,1408,33400,NA,AC,2DNC,4.34725,3.3,16,1.81875
40,35.42,-96.6,NA,NA,23034396,369.6222944,AC,2DNC,3.607478261,3.5,23,1.856521739
41,35.42,-97,NA,NA,NA,NA,NA,NA,5.344111111,3.7,9,2.155555556
42,35.43,-96.5,NA,NA,NA,NA,NA,NA,5.176653846,2.9,26,1.730769231
43,35.43,-97,NA,NA,NA,NA,NA,NA,5.170636364,2.9,11,2.163636364
44,35.44,-97,NA,NA,NA,NA,NA,NA,5.286,2.6,16,2.19375
45,35.45,-96.6,NA,NA,NA,NA,NA,NA,5.328571429,3.2,7,2.085714286
46,35.45,-97,NA,NA,NA,NA,NA,NA,5.619066667,3,15,1.78
47,35.45,-97.1,NA,NA,330700,262.5,AC,2DNC,4.259941176,3.2,17,2.1
48,35.46,-96.5,NA,NA,NA,NA,NA,NA,4.117153846,2.5,13,1.815384615
49,35.46,-96.7,NA,NA,NA,NA,NA,NA,4.64,3.3,10,1.74
50,35.46,-97,NA,NA,NA,NA,NA,NA,4.975608696,3.3,46,1.969565217
51,35.46,-97.1,NA,NA,NA,NA,NA,NA,7.426526316,3.3,19,1.915789474
52,35.46,-97.9,NA,NA,NA,NA,NA,NA,6.88375,2.4,4,2.25
53,35.47,-96.5,NA,NA,NA,NA,NA,NA,6.117714286,2.9,14,2.014285714
54,35.47,-97.4,NA,NA,NA,NA,NA,NA,6.3492,2.7,15,1.94
55,35.48,-96.7,NA,NA,NA,NA,NA,NA,5.2284,1.7,5,1.3
56,35.48,-97.4,NA,NA,NA,NA,NA,NA,5.816473684,3.3,19,2.068421053
57,35.49,-96.7,NA,NA,NA,NA,NA,NA,4.741416667,2.5,12,1.416666667
58,35.49,-96.8,NA,NA,NA,NA,NA,NA,3.4863125,3.5,16,2.49375
59,35.49,-97,NA,NA,NA,NA,NA,NA,5.1979,3,10,2.51
60,35.49,-97.1,NA,NA,NA,NA,NA,NA,5.639375,2.8,8,2.1
61,35.49,-97.4,6386,6404.5,73363,156.8362193,PA,2RIn,4.804,2.7,14,1.921428571
62,35.5,-96.7,3780,3810,946974,NA,AC,2DNC,5.026352941,2.8,17,1.488235294
63,35.5,-96.8,NA,NA,NA,NA,NA,NA,3.669307692,3.2,26,2.05
64,35.5,-97.3,5899.5,5905.5,1597748,455.4761905,AC,2RIn,5.5089875,3.4,80,1.99875
65,35.51,-96.7,NA,NA,NA,NA,NA,NA,5.21925,2.2,20,1.555
66,35.51,-96.8,NA,NA,NA,NA,AC,2DNC,4.59775,3.6,36,2.080555556
67,35.51,-97.1,5926,6126,18540942,267.7757937,AC,2DNC,5.1116,2.4,5,1.86
68,35.51,-97.2,NA,NA,NA,NA,NA,NA,5.931125,3,56,1.9125
69,35.51,-97.3,NA,NA,NA,NA,NA,NA,5.454727273,3,11,1.890909091
70,35.51,-97.4,NA,NA,NA,NA,NA,NA,3.740166667,3,6,2.066666667
71,35.52,-96.8,5530,5550,42775.4,NA,AC,2DNC,3.994962963,5.7,107,2.21682243
72,35.52,-97.1,NA,NA,NA,NA,NA,NA,6.094407407,3,27,2.118518519
74,35.52,-97.4,NA,NA,290906.45,98.57142857,AC,2DNC,3.638675,3.7,40,2.155
76,35.53,-96.9,NA,NA,NA,NA,NA,NA,5,1.5,1,1.5
77,35.53,-97.1,NA,NA,NA,NA,NA,NA,6.923457143,3.6,35,1.968571429
78,35.53,-97.2,NA,NA,1158886,237.7714286,AC,2DNC,6.438666667,2.4,12,1.783333333
80,35.54,-97.1,4685,7510,17713572,704.2083333,AC,2DNC,8.818923077,2.4,13,1.684615385
81,35.54,-97.3,NA,NA,NA,NA,NA,NA,5.7548,3.5,35,1.9
83,35.55,-97.2,NA,NA,NA,NA,NA,NA,4.917211538,3,52,1.701923077
84,35.55,-97.3,NA,NA,NA,NA,NA,NA,5.321892308,2.8,65,1.678461538
85,35.56,-96.7,4367,5761,59999854,183.7559524,AC,2RIn,5.681714286,3.7,14,2.2
96,35.58,-98.1,4700,7500,131075,211.5638528,AC,2RIn,6.08375,2.9,8,2.325
97,35.59,-96.9,NA,NA,51858,60.71428571,AC,2DNC,6.057666667,2,3,1.8
103,35.61,-96.9,4305,4321,975,NA,AC,2RIn,4.774545455,3.1,11,2.418181818
104,35.61,-97.1,NA,NA,23746894,170.6666667,AC,2DNC,4.048090909,3.3,33,2.166666667
111,35.65,-97.1,NA,NA,11485148,96.25,AC,2DNC,7.859285714,2.7,70,1.708571429
116,35.67,-97.1,NA,NA,255136,94.04761905,AC,2DNC,7.530527132,3.7,129,2.095348837
119,35.68,-97.2,5720,5800,NA,NA,AC,2DNC,4.914666667,3,3,2.2
120,35.69,-97.1,NA,NA,395947,1.25,AC,2DNC,6.764714286,4.4,35,2.162857143
124,35.72,-97.4,5904,6024,854345,NA,AC,2RIn,5.080625,3.5,64,2.2625
130,35.77,-96.7,NA,NA,12000,100,AC,2DNC,4.939666667,3,3,2.4
131,35.77,-97.5,4887.5,5143,1888665,145.2352694,AC,2RIn,5.499,4.4,140,2.192857143
132,35.78,-97.5,6942,7822,217910,275.0333333,AC,2DNC,5.575935897,4,156,2.062179487
133,35.79,-97,4326.666667,4336,1985860,323.3134921,AC,2RIn,5.681577778,3.8,45,2.602222222
135,35.79,-97.4,6381,7966,60284,7.659047619,AC,2DNC,4.642,2.6,2,2.5
137,35.8,-96.7,3633,3638,27362,NA,AC,2RIn,5.896888889,3.3,18,2.483333333
138,35.8,-97.2,NA,NA,1791008,NA,AC,2DNC,5.789653846,3.5,26,2.503846154
140,35.81,-96.7,2506,2518,24600,300,AC,2DNC,4.9865,2.1,2,1.8
144,35.82,-97.5,5602,5611,759589,91.2202381,AC,2DNC,5.014466667,2.9,15,2.24
150,35.86,-97.5,5014,5022,14141,99.16666667,AC,2RIn,4.5985,2.6,6,1.766666667
161,35.93,-97.4,6622,8200,2582671.32,157.9548939,AC,2DNC,4.986588235,3.3,17,2.394117647
163,35.94,-96.9,NA,NA,NA,139.2857143,AC,2RIn,5.112133333,3.2,15,2.14
166,35.95,-97.4,2740,3000,4825,NA,AC,2DNC,5.509644444,3.3,45,2.384444444
169,35.96,-97.6,3181,4444,1555052,72.88625,AC,2DNC,5.059,2.1,1,2.1
170,35.97,-96.9,4384.5,5140,19029274,90.39414854,AC,2DNC,4.6734,2.8,5,2.4
171,35.97,-97.2,3490.666667,3534.666667,4707556,27.41269841,AC,2DNC,6.784974359,3.7,39,2.484615385
173,35.98,-97.2,2600,2660,220561,145,AC,2DCm,5.848267857,3.6,56,2.485714286
174,35.99,-96.8,1674.5,1691,1054920,204.2857143,AC,2DNC,4.526258824,5,85,2.683529412
175,35.99,-97.2,4811,4836,87600,150,AC,2RIn,5.498133333,3.5,30,2.513333333
176,35.99,-97.6,4096,4294,835472,199.1904762,AC,2DNC,5.138681818,4.5,44,2.85
179,36.01,-97.3,6070,7690,1778693,45.57083333,AC,2RIn,5.371692308,2.8,13,2.292307692
180,36.02,-97,3982.5,4022.5,2702050,85.71428571,AC,2RIn,4.685666667,3,6,2.466666667
181,36.02,-97.6,3675,4720,55188,NA,AC,2DNC,4.4555,2.7,6,2.183333333
182,36.03,-97.1,5137.5,5978,3930832,77.77013889,AC,2DNC,5.003173077,3.8,52,2.423076923
183,36.03,-97.9,6554,6564,NA,NA,PA,2R,5.444,3.7,37,2.632432432
184,36.04,-97.1,4660,4808.5,21327732,197.0833333,AC,2DNC,4.980058824,3.6,17,2.241176471
185,36.05,-97.1,4320,4335,NA,NA,AC,2RIn,4.9195,2.5,4,2.225
187,36.06,-97.2,5340,7360,10530608,124.0616883,AC,2DNC,5.0509,2.5,10,2.21
188,36.07,-97,4990.333333,6197.333333,20184740,228.7086343,AC,2DNC,4.873285714,3.1,7,2.057142857
192,36.09,-97,NA,NA,128478,47.08333333,AC,2DNC,4.7406875,2.8,16,2.20625
196,36.1,-97.3,5727.5,7147.5,10411450,283.6525616,AC,2DNC,5.1855,3.1,6,2.416666667
197,36.1,-97.5,6600,8021,9538847,215.6279221,AC,2DNC,5.295888889,2.6,9,1.9
198,36.11,-97.4,2416,2644,3175906,580,AC,2DCm,4.869243243,3.2,37,2.22972973
199,36.12,-96.7,3022,3038,115284,171.4285714,AC,2RIn,5.011,3.6,1,3.6
200,36.12,-96.9,3598,3618,736791,146.4285714,AC,2DNC,5.5122,2.5,20,2.06
201,36.12,-97.1,4278,4300,21965,40.71428571,AC,2DNC,6.722967742,3,31,2.283870968
202,36.12,-97.3,NA,NA,2348920,1092.916667,AC,2DCm,4.635440678,3.3,59,2.344067797
204,36.13,-97.1,5372,6801,6130452,304.8082008,AC,2DNC,6.308357143,3,14,2.35
208,36.14,-96.9,NA,NA,36251,60,AC,2RIn,5.089625,3.3,8,2.05
210,36.15,-96.7,3398,4195,2000911,163.8769841,AC,2DNC,4.565,2.7,16,2.225
211,36.15,-97,5000,5800,428837,292.8571429,AC,2DNC,4.827833333,3,12,2.191666667
212,36.15,-97.3,4002,4096.5,889148,148.8307823,AC,2RIn,5.313857143,3,21,2.419047619
214,36.17,-96.7,3419.333333,3905,2780322,160.2480952,AC,2RIn,4.529666667,2.6,15,1.866666667
215,36.17,-96.8,NA,NA,2175911,247.8993506,AC,2DNC,4.878888889,3.2,27,2.318518519
216,36.17,-96.9,3548,3570,202367,38.33333333,AC,2DNC,6.067185185,3.3,27,2.218518519
218,36.17,-97.3,3488.666667,3860.333333,529149,82.95039683,AC,2RIn,6.319,3,19,2.457894737
219,36.17,-97.4,4835,5315,5332878,459.6805556,AC,2RIn,4.926,2.6,5,2.08
222,36.18,-97.4,1982.5,2030,9072632.99,295.6349206,AC,2DNC,5.813804878,3.2,41,2.3
224,36.19,-96.9,4630,5903,9134296,300.7142857,AC,2DCm,5.701285714,2.5,7,1.885714286
225,36.19,-97.4,3992,4069,2925407,312.5194805,AC,2DNC,5.49,2.9,36,2.286111111
226,36.19,-98.8,5967.5,6250,1942167,1122.371528,AC,2DNC,6.085823529,3,17,2.347058824
228,36.2,-97,5018,6233,11949903,173.9451389,AC,2DNC,5.6759375,2.9,16,2.275
229,36.2,-97.4,5630,5216,2823605,383.0281385,AC,2RIn,5.51852381,3.4,21,2.604761905
232,36.22,-97.1,4986,5194,4379180,1,AC,2DNC,5.353,2.8,4,2.525
233,36.22,-97.6,4480,4547,265783,318.357684,AC,2RIn,5.33445,3.7,40,2.555
234,36.23,-97.2,5664,6937,8790741,81.93055556,AC,2DCm,5.594333333,3,9,2.388888889
235,36.23,-97.3,NA,NA,575085,483.3333333,AC,2RIn,5.73175,2.5,16,2.24375
236,36.23,-97.6,NA,NA,178873,515.4274892,AC,2DNC,4.5454375,3.2,16,2.29375
240,36.25,-97.5,NA,NA,433479,59.76190476,AC,2DNC,6.864384615,3,26,2.365384615
241,36.26,-96.7,2909,2944,975160,22.5,AC,2DNC,4.461,3.4,10,2.55
243,36.27,-97.3,4623,4645,1348151,440.3035714,AC,2RIn,5.605589286,3.3,56,2.3875
246,36.28,-96.9,3088,3153,860536,41.66666667,AC,2RIn,5.748121951,3.3,41,2.331707317
247,36.28,-97.5,6550,7564,275409,8.416666667,AC,2DNC,6.606607843,4.1,306,2.495424837
250,36.29,-96.8,NA,NA,47026,60.53571429,AC,2RIn,4.298888889,3.1,9,2.511111111
251,36.29,-96.9,3652,3800,3647984,430.6547619,AC,2DNC,5.610765957,3.4,47,2.317021277
253,36.29,-97.5,5940,7457,4488211,6.2,AC,2DNC,6.681442308,4.3,260,2.535384615
254,36.29,-98.2,7350,7870,5368274,609.5238095,AC,2DNC,6.157272727,3.5,11,2.463636364
256,36.3,-96.7,2752.5,2763.5,2109234,33.38492063,AC,2DNC,3.425864865,4.3,37,2.678378378
260,36.3,-97.5,2745,2815,75514,91.11111111,AC,2DCm,6.719631579,3.2,38,2.439473684
263,36.32,-96.8,3578,3636,8611884,77.08333333,AC,2DNC,4.4025,4,16,2.525
265,36.32,-97.2,3688.8,4019.4,17128988,114.4154848,AC,2RIn,5.697777778,2.8,9,2.2
266,36.32,-97.5,6092,7170,3636449,80.16628788,AC,2RIn,6.1578125,3.6,32,2.3625
268,36.33,-97.2,3237,3242,155612,2.857142857,AC,2RIn,5.42824,3.2,25,2.364
269,36.33,-97.5,2035.5,2043,1281,NA,AC,2RIn,6.728630435,3.8,92,2.651086957
272,36.34,-96.8,3600,3646,1548654,340.8333333,AC,2RIn,4.295777778,3.3,27,2.440740741
274,36.35,-97.1,3120,3125,472675,NA,AC,2DNC,5.000092593,3.8,54,2.32037037
275,36.35,-97.4,4832,4680,17050.31,488.3333333,AC,2RIn,6.346631579,3.1,19,2.378947368
277,36.36,-97.1,NA,NA,275052,NA,AC,2DNC,4.953243243,3.7,37,2.386486486
279,36.37,-97.6,1842.666667,1869,99291,38.63510101,AC,2RIn,3.870666667,2.2,3,2.2
281,36.39,-96.7,2035,2065,84550,270.1269841,AC,2DNC,3.4268,3.5,15,2.153333333
282,36.39,-97.3,NA,NA,557290,307.3681973,AC,2RIn,6.308416667,3,12,2.425
286,36.41,-96.9,3540,3599,340070,2.083333333,AC,2DNC,4.458317073,3.4,82,2.156097561
289,36.43,-96.9,5300,NA,3128436,7.142857143,AC,2DNC,5.130792208,5.8,77,2.261038961
292,36.44,-96.9,4060,4800,3357549,NA,AC,2DNC,4.037,3.6,61,2.149180328
296,36.44,-98.8,NA,NA,709586,800,AC,2DCm,6.798333333,3.7,159,2.185534591
297,36.45,-96.9,2611,3610,19970872,0.765432099,AC,2DNC,4.122712329,3,73,1.936986301
300,36.46,-97.3,5341,6630,556333,4.984126984,AC,2DNC,6.7575,2.5,6,2.216666667
314,36.51,-97.2,NA,NA,342665,232.2333333,AC,2DNC,6.310769231,3.1,13,2.161538462
329,36.55,-97.2,4021.333333,5189.666667,12811549,21.22962963,AC,2DNC,5.957148148,3.2,27,2.440740741
330,36.56,-97.8,5771.666667,5804.666667,1367094,13.94444444,AC,2RIn,5.339894737,3.4,19,2.221052632
331,36.56,-98.3,5925,5941,51103.6,NA,AC,2DNC,4.4236,2.8,5,2.5
333,36.57,-98.6,7568,9078,3348494,928.9791667,AC,2DCm,5.5193,2.2,10,1.96
335,36.59,-97.7,6612,7575,17486597,389.375,AC,2DCm,5.12675,2.9,8,2.1
336,36.59,-97.8,6294,10300,13282617,45.76111111,AC,2DNC,5.342333333,3.5,63,2.43015873
339,36.6,-97.6,4425,4440,444551,121.7857143,AC,2RIn,5.21216,4,100,2.621
343,36.61,-97.2,3437.5,3500,2836793.5,24.28571429,AC,2DNC,7.793,2.6,1,2.6
345,36.61,-97.8,6535,7880,8221834,68.27380952,AC,2DCm,5.947470588,3.2,34,2.288235294
347,36.62,-97.7,6227,7350,10705050,365.3838384,AC,2DNC,5.699153226,3.8,124,2.4
349,36.62,-98.4,4750,5210,345511,369,AC,2DNC,5.6544,3.6,30,2.55
354,36.64,-97.7,3565,3620,463810,434,AC,2DNC,5.666698413,3.9,63,2.433333333
356,36.65,-97.4,4260.5,5454.5,9721047,12.10436508,AC,2DNC,6.495,2.1,2,1.8
358,36.66,-97.4,4700,4900,NA,NA,AC,2DNC,7.01325,3.3,8,2.525
363,36.67,-97.8,NA,NA,362416,472.702381,AC,2DNC,5.763866667,2.9,15,2.386666667
372,36.69,-98.2,6725,8125,7565751,0.214285714,AC,2DNC,5.530357143,2.6,14,2.257142857
373,36.69,-98.6,6520,6558,58717148,416.4702381,AC,2DNC,5.744428571,3.3,14,2.45
377,36.7,-98.5,6952,7617,9012759,272.8535714,AC,2DNC,7.4666,2.7,10,2.37
381,36.71,-98.3,6815,7834,19064768,140.2708333,AC,2DNC,4.357307692,2.7,13,2.092307692
383,36.72,-97.8,5864,7664,1524343,13.30555556,AC,2DNC,5.4260625,3,16,2.36875
391,36.73,-98.5,6457,6632,65217668,287.962585,AC,2DNC,5.8174,2.6,15,2.226666667
392,36.74,-98,6095,7852.5,7893232,7.89744898,AC,2DNC,6.083111111,2.9,18,2.211111111
396,36.75,-98.1,5294,5308,1367476,114.1428571,AC,2RIn,5.631702703,3.5,37,2.318918919
397,36.75,-98.4,6657.5,8392.5,18235314,131.7677083,AC,2DNC,4.915055556,3.3,18,2.372222222
398,36.75,-98.7,7011,8002,8041037,NA,AC,2DNC,5.3,2.4,9,2.244444444
400,36.76,-98.1,5297.666667,5309,872515,85.78228716,AC,2RIn,6.265323308,4.7,133,2.560902256
402,36.77,-98,5410,5706,598594,214.2857143,AC,2DNC,5.566823529,3.6,34,2.408823529
404,36.78,-97.8,4846.5,5732,2681925,291.3666667,AC,2DNC,5.389416667,3.3,12,2.608333333
405,36.78,-98,5672.5,6186,2039230,141.1690476,AC,2DNC,6.221543478,4,46,2.493478261
406,36.78,-98.2,6350,7350,871071,240,AC,2DNC,5.171,3.6,3,2.633333333
408,36.78,-98.8,6920,8425,16075308,NA,AC,2DNC,7.076,2.4,2,2.3
410,36.8,-97.8,5634,7430,5389900,10.15416667,AC,2DNC,5.297571429,2.6,7,2.314285714
411,36.8,-98.2,4620,4676,2595906,43.19444444,AC,2DNC,6.10568,3.7,25,2.516
412,36.81,-97.7,4812.333333,4880,530392,166.5039683,AC,2DNC,4.673615385,3.6,13,2.253846154
415,36.81,-98.3,5542.333333,5808,4724064,26.88888889,AC,2RIn,5.441272727,4.2,55,2.54
416,36.82,-97.6,5828,7184,13714568,48.1468254,AC,2DNC,6.288096154,3.6,52,2.459615385
419,36.82,-98,5825,7625,2464257,20.74444444,AC,2DNC,5.035576923,3.3,26,2.403846154
420,36.83,-97.8,5945,7095,1400247,2,AC,2DNC,4.466322034,3.8,59,2.489830508
421,36.83,-98,4996,5036,973690,485.7720058,AC,2RIn,5.634333333,3,12,2.375
423,36.83,-98.3,5708.5,5737.5,4657014,60,AC,2RIn,4.725916667,3.7,60,2.47
425,36.84,-97.8,5900,7500,12944246,NA,AC,2RIn,4.554552941,4.1,85,2.509411765
426,36.84,-97.9,4940,4996,2067766,382.0714286,AC,2RIn,4.909619048,3.3,63,2.366666667
428,36.84,-98.2,5947.5,7469.5,39951398,107.8651094,AC,2DNC,4.975135135,3.6,37,2.543243243
429,36.84,-98.3,6214,7689,20557154,177.7962121,AC,2DNC,4.648609756,4.4,41,2.704878049
430,36.85,-97.6,5273,7083,2178051,12.72222222,AC,2DNC,5.101,3.3,4,2.525
435,36.85,-98.3,6090,6919.5,46395846,203.3310606,AC,2DNC,4.427689655,3.8,29,2.493103448
440,36.86,-98.3,4776,4800,70555,NA,AC,2DNC,8.391125,3.1,16,2.29375
442,36.87,-98,5952,7085,1571309,12.34776335,AC,2DNC,5.111666667,3.5,21,2.49047619
445,36.88,-97.8,5446,7250,4280525,22.80555556,AC,2DNC,4.238176471,3.1,17,2.452941176
449,36.89,-98.2,4958,4970,126328,258.75,AC,2RIn,4.815846154,3.3,13,2.430769231
450,36.89,-98.3,5297.8,6371.8,41028780,193.7057143,AC,2RIn,5.405833333,2.6,6,2.116666667
452,36.9,-97.7,5350,7200,5458002,67.09343434,AC,2DNC,5.240901961,3.7,51,2.376470588
455,36.91,-97.7,5485,6860,7078686,77.08333333,AC,2DNC,6.1566,3.1,20,2.235
460,36.94,-97.8,5560,6500,8246374,111.1111111,AC,2DCm,4.127708333,3.9,72,2.65
464,36.95,-97.8,NA,NA,108191,NA,AC,2DNC,3.740783133,4.1,83,2.660240964
471,36.99,-97.5,3220,3240,189223,NA,AC,2DNC,5.5164,2.8,5,2.2
473,36,-96.8,4135,4696.666667,20885701,135.0422407,AC,2DNC,4.254857143,3.1,14,2.407142857
474,36,-97.1,5392,6601,3013882,34.1857684,AC,2DNC,4.32326087,3.1,23,2.391304348
475,36,-97.2,NA,NA,3634,40,AC,2RIn,5.1798,2.8,5,2.28
476,36,-97.3,6060,8050,1169339,97.66071429,AC,2DNC,4.924875,2.7,8,2.475
482,35.5,-97.1,NA,NA,2142775,160,AC,2DNC,5.008,2.5,5,1.82
483,36.8,-98.3,5149.333333,5171,3790382,216.5119048,AC,2RIn,4.654666667,3.1,18,2.427777778
489,36.1,-96.9,3401,4101,9571144,97.91133333,AC,2DNC,4.5,2.4,5,1.96
490,36,-96.9,4500,5950,6078736,102.4880833,AC,2DNC,5.6355,2.1,2,2.1
492,36.1,-97.1,4162,4223,388208.5,481.1666667,AC,2RIn,4.519764706,3,17,2.247058824
496,36.8,-98.1,6185.5,7632,9076168,36.76746032,AC,2DNC,5.3095,2.8,4,2.275
504,36.2,-96.7,3010,3051.333333,3298969,37.1577381,AC,2RIn,4.620588235,3,17,2.152941176
508,36.2,-97.3,4622.666667,5176,5713299,311.4702381,AC,2RIn,5.735454545,2.7,11,2.272727273
510,36.1,-97.2,4968,5893,478274,39.82645833,AC,2DNC,5.6802,2.4,5,2.2
513,36.3,-96.8,NA,NA,1745676,416.0714286,AC,2DNC,5.56425,3.1,4,2.85
514,36.7,-97.2,NA,NA,530575,582.797619,AC,2RIn,5,3,1,3
520,36.6,-98.7,NA,NA,4139932.21,299.8809524,AC,2DCm,4.903708333,3.2,24,2.283333333
522,36.4,-98.4,8450,8650,2931920,2.857142857,AC,2DCm,7.52175,2.6,4,2.3
523,36.6,-97.3,4286,4325,21528104,70.23809524,AC,2DNC,7.135333333,2.9,3,2.466666667
530,35.78,-96.9,NA,NA,11503931,330.2678571,AC,2DNC,6.3965,2.2,2,1.3
535,34.37,-96.8,NA,NA,144000,450,AC,2DNC,3.336333333,2.3,3,2.266666667
538,35.48,-96.8,3725,3800,67030,NA,AC,2DNC,2.586111111,3.4,9,2.255555556
546,35.44,-96.5,NA,NA,4343292,NA,AC,2RIn,5.11830303,3.2,33,1.775757576
553,35.72,-97.1,5116,5216,302491,NA,AC,2DNC,5.489,3.5,14,2.407142857
556,36.04,-97.3,1835.333333,1845.666667,8660128,764.619709,AC,2RIn,5.308857143,3.3,14,2.142857143
558,34.67,-96.4,670,815,449944,237,AC,2DNC,0.6521,2.4,10,1.92
559,34.62,-96.4,2644.666667,543.6666667,1761106,1364.86039,AC,2DNC,3.207,2.3,5,2.2
564,35.64,-97.2,NA,NA,175132,225,AC,2DNC,4.579928571,2.7,14,1.978571429
565,35.41,-96.6,NA,NA,19752616,144.3607143,AC,2DNC,4.717466667,3.1,15,1.913333333
567,35.49,-97.3,5960,5966,1067594,892.8571429,AC,2RIn,6.200294118,3.7,51,2.12745098
568,34.57,-97.2,NA,NA,1541880,680.3571429,AC,2RIn,2.5,2.6,2,2.05
569,35.58,-97,4636,NA,696385,427.6785714,AC,2RIn,3.161,1.9,1,1.9
571,36.27,-97.4,4842,7340,7144227,198.4345238,AC,2DCm,6.531761905,3.7,42,2.385714286
572,35.79,-97.1,NA,NA,1830780,428.5714286,AC,2RIn,3.864,1.9,3,1.733333333
576,35.48,-96.9,6184.5,7515,390179,39.0625,AC,2DNC,3.8598,3.8,15,2.626666667
578,35.38,-96.7,NA,NA,5525085,385.4237013,AC,2RIn,5,2.8,1,2.8
580,35.56,-96.8,4232,4309,996135,79.61309524,NULL,2DNC,4.6558,3.4,20,2.01
581,35.54,-96.7,3218,3252,45810,75,AC,2DNC,4.309222222,3.1,18,1.872222222
582,35.47,-96.7,3441,3494,446400,171.4285714,AC,2DNC,4.0875,2.3,8,1.675
587,35.48,-96.5,2266,4210,1321874,98.88095238,AC,2DNC,4.119,2.9,10,2.11
589,35.45,-97.5,6281.5,6669,7036225,339.422619,AC,2RIn,4.8,2.3,2,2.05
592,35.31,-96.5,4227.5,4768,24000,NA,AC,2DNC,4.48725,1.6,4,1.175
599,35.33,-96.7,3036,3041.5,1515962,21.97619048,AC,2DNC,4.73825,2.4,4,2.05
603,35.41,-96.3,NA,NA,130200,NA,AC,2DNC,5,1.5,1,1.5
605,35.98,-97.3,NA,NA,3223107,423.9383426,AC,2RIn,4.9925,2.6,4,2.25
608,36.08,-97.4,NA,NA,16738574,197.8755682,AC,2DNC,5.717125,3.3,8,2.475
609,35.81,-97.1,NA,NA,2588870,47.5,AC,2DNC,5.2994,2.6,5,2.2
614,35.33,-96.6,3540,3546,749417,25,AC,2DNC,5,1.2,1,1.2
619,35.32,-97.6,8025,8070,139957,190.0555556,AC,2RIn,5,1.1,1,1.1
620,36.01,-96.8,1976,1988,8400,25,AC,2DNC,4.057714286,3.7,14,2.385714286
621,35.37,-96.4,3108,3148,NA,NA,AC,2DNC,6.338,1.8,5,1.38
624,36.67,-98.5,2560,2610,343479.91,647.1428571,AC,2DNC,5.0656,2.7,5,2.28
627,36.65,-97.7,6540,7683,5386637,59.66666667,AC,2DNC,6.148428571,3.1,56,2.355357143
628,36.67,-97.7,4603.8,4800.2,8625636,152.2916667,AC,2DNC,6.076459016,3.4,61,2.398360656
629,35.01,-96.3,NA,NA,456851,502.8611111,AC,2RIn,16.674,3,1,3
632,35.64,-97,4868,4876,NA,NA,AC,2DNC,5.167375,3.5,8,2.0125
633,36.46,-97.1,NA,NA,1764357,NA,AC,2DNC,5.127384615,2.5,13,1.992307692
636,34.47,-96.3,NA,NA,NA,NA,NA,NA,5.51,3.2,1,3.2
642,36.66,-97.6,6310,7530,670243,66.76,AC,2DNC,5.810263158,3.4,19,2.368421053
645,34.53,-97.2,990.3333333,1190,844975,334.4047619,AC,2RIn,0,1.8,1,1.8
647,34.78,-97.5,8425,8495,2320509,789.1363636,AC,2RIn,5,1.7,1,1.7
648,36.97,-97.8,5497,6710,3290612,17.47619048,AC,2DNC,6.438076923,3.3,13,2.476923077
649,35.34,-96.6,3235,3279.5,591716,107.1428571,AC,2DNC,6.855,1.2,1,1.2
652,34.31,-97.6,NA,NA,800148,132.1428571,AC,2RIn,6.7286,2.3,5,1.82
654,36.81,-97.6,4833,4847,261756,725.8418367,AC,2RIn,5.471925926,4.1,27,2.5
658,36.12,-97.4,5800,8000,812539,60.40119048,AC,2DNC,5.56575,3.1,20,2.425
659,35.87,-97.5,5567,5576,34527,102.5,AC,2RIn,5.2165,2.3,4,1.9
661,36.28,-97.2,5450,7007,6196235,222.3888889,AC,2DNC,5.698652174,3.6,23,2.213043478
664,35.24,-96.6,3903.6,3102.2,9840278,225.387619,AC,2DNC,5,0.8,1,0.8
667,36.71,-97.9,NA,NA,1829425,10.71428571,AC,2DNC,5.623809524,3,21,2.238095238
671,36.73,-98,5916,5919,1722250,85.71428571,AC,2RIn,5.7157,3.7,10,3
672,36.77,-98.1,6070,7500,9563066,5.2,AC,2DNC,5.734641026,3.3,39,2.305128205
675,34.81,-96.4,NA,NA,NA,NA,NA,NA,5,0.5,1,0.5
676,34.04,-97.1,2310,2335,1740,96.42857143,AC,2DNC,1.877166667,1.3,6,0.916666667
677,34.02,-97.1,3435,3450,29550,NA,AC,2DNC,2.5,2.6,2,1.35
678,34.04,-97.2,NA,NA,NA,NA,NA,NA,1.6362,1.4,5,0.84
679,34.03,-97.1,4366,6273,NA,NA,AC,2DCm,2,1.9,1,1.9
684,36.57,-97.8,6309.666667,6334.333333,4619947,25.36607143,AC,2RIn,5.80972,3.5,25,2.304
687,36.75,-98,5235,5245,2901170,59.16512059,AC,2DNC,5.830970588,3.3,34,2.288235294
690,36.92,-98.3,5525.5,7325,36425791,128.7386905,AC,2DNC,6.479,2.9,3,2.433333333
694,36.64,-97.8,4400,4461,78425,160,AC,2DNC,5.398769231,3.5,13,2.315384615
696,36.62,-97.8,4410,4500,556381,264.2857143,AC,2DNC,5.631565217,3,23,2.3
698,36.65,-97.8,6488,7720,1063264,17.14285714,AC,2DCm,4.88,3.1,5,2.24
699,36.79,-98.3,5179,5222,NA,NA,AC,2RIn,4.953578947,3.5,19,2.473684211
703,36.19,-96.7,3041,3055,911240,90.075,AC,2DNC,5.7255,2.7,8,2.125
706,36.16,-96.7,3148.666667,3195,6666858,73.03571429,AC,2DNC,5.297947368,3.4,19,2.3
707,35.97,-97.3,5158.75,5173,3479760,339.8005952,PA,2RIn,4.9535,2.8,6,2.3
708,36.16,-96.8,2571.5,2089,848950,125,AC,2DNC,4.949142857,2.7,7,2.385714286
711,36.06,-97,5043,6444,4044964,76.08751999,AC,2DNC,5,2.7,4,2.475
715,36.39,-97.4,NA,NA,395350,506.1558442,AC,2RIn,5.665,2.2,3,2
719,36.61,-97.6,5840.333333,6327,2467308,72.66450216,AC,2RIn,6.038,3,8,2.225
724,36.96,-98.1,5920,6896,10908491,7.544897959,AC,2DNC,6.346,2.9,6,2.25
728,36.74,-98.5,6754,9000,24036900,52.53333333,AC,2DNC,5.343,2.1,3,2
729,36.23,-97.1,5133,6628,14295962,256.4780303,AC,2DNC,5.616555556,2.4,9,2.122222222
731,36.74,-98.3,6492,7846,33919816,16.04866667,AC,2DNC,5.495666667,2.8,12,2.425
733,36.14,-97.3,1940,1947,NA,NA,AC,2DNC,4.93315,3.6,20,2.53
736,36.71,-98.6,7010,8450,2192302,NA,AC,2DNC,4.714666667,2.9,6,2.483333333
739,35.81,-97.6,6334,6762,8756643,465.7142857,AC,2DCm,5.9086,2.6,5,2.34
740,36.18,-97.3,2710,3166,38165,NA,AC,2DNC,5.182,3.8,51,2.419607843
744,36.84,-98.4,5191,5508.666667,50271044,16.06349206,AC,2DNC,2.988,3.5,1,3.5
747,36.91,-98.3,5870,7185,19223598,35.09722222,AC,2DNC,5.3595,3.7,12,2.641666667
751,36.07,-97.3,1880,1950,295963,NA,AC,2RIn,4.946545455,2.8,11,2.245454545
752,35.11,-96.2,1390,1405,NA,NA,AC,2DNC,1.4175,3.1,2,2.8
754,36.21,-96.7,2261.25,2288.75,514462,85.71428571,AC,2RIn,4.688470588,2.9,17,2.152941176
755,36.09,-96.8,3308,1682,5400,NA,AC,2RIn,4.948666667,2.8,3,2
760,36.76,-98,5406,5611.5,5820780,39.61507937,AC,2DNC,6.007212121,4.3,33,2.387878788
761,36.22,-96.7,3031,3095.333333,1000396,50.12482993,AC,2RIn,5.063428571,2.6,7,1.885714286
763,36.77,-97.7,6075,7226,847795,14.05555556,AC,2DNC,5.114,2.9,4,2.275
764,35.97,-97.4,5310,5420,43770,210.5555556,AC,2RIn,4.575972973,3.2,37,2.335135135
765,36.69,-98.1,6092,7900,7640277,3.064285714,AC,2DNC,4.713714286,2.3,7,2.014285714
770,36.28,-97.6,6590,7890,969257,20.15046296,AC,2DNC,5.193416667,3.6,24,2.616666667
771,36.64,-98.4,7270,8175,5693502,1143.113636,AC,2DNC,8.627,2.7,2,2.45
772,36.04,-97.4,6370,7955,6246521,260.4580952,AC,2DNC,3.9536,2.5,5,2.08
776,36.28,-96.8,3178,3189,11829,NA,AC,2DNC,4.340777778,2.5,9,2.122222222
778,36.02,-97.3,NA,NA,143617,50.5,AC,2RIn,5.584142857,3.2,14,2.192857143
783,36.07,-97.6,6812.5,7715,1261736,292.6898148,AC,2DNC,4.736714286,3.6,21,2.547619048
785,36.12,-97.6,6982,8220,410439,116.0947727,AC,2DNC,4.805475,4.1,40,2.6925
787,36.38,-96.9,4180,5380,426623,NA,AC,2DNC,4.521666667,3.1,21,2.304761905
788,36.28,-97.3,NA,NA,142240,810.7142857,AC,2RIn,5.133340426,3.8,47,2.412765957
792,36.21,-97.4,5105,5287,4038084,6400.968615,AC,2RIn,6.169545455,3.5,11,2.527272727
793,36.68,-97.9,6064,6522,9198227,174.7654762,AC,2RIn,6.041777778,3.2,9,2.377777778
795,36.26,-97.5,6659,8050,8535537,65.375,AC,2DNC,7.604083333,3.3,12,2.25
796,34.23,-97.5,1327,1572.333333,17550852,331.3639456,AC,2RIn,5,1.4,1,1.4
799,36.15,-97.5,6074,7028.5,2285953,69.46666667,AC,2DNC,5.807285714,3.7,14,2.521428571
801,36.34,-97.1,NA,NA,331650,28.57142857,AC,2DNC,4.933764706,2.7,17,2.223529412
802,36.29,-97.2,3776,4439,9424792,108.3660714,AC,2DNC,5.281444444,2.5,18,2.183333333
804,36.53,-97.9,6926.5,8707.5,10146607,104.5185335,AC,2DNC,5.730166667,3.3,6,2.516666667
805,35.94,-97.1,1490,1590,8217885,25.28571429,AC,2DNC,4.2234,3.2,10,2.4
806,36.29,-97.4,2373,2765,574649,176.7857143,AC,2DCm,7.105470588,3,17,2.364705882
807,36.31,-96.7,NA,NA,168840,300,AC,2DNC,3.522735294,3.9,34,2.302941176
808,35.97,-96.8,4400,6000,1148139,37.18957576,AC,2DNC,5.018333333,2.5,6,2.266666667
810,36.22,-97.3,3464,3919.5,4234739,343.8177778,AC,2RIn,6.828441176,3.1,34,2.388235294
814,36.36,-97.4,3202,3244,1319645,4.285714286,AC,2DNC,6.11132,3.1,25,2.26
817,36.31,-97.4,NA,NA,365,NA,AC,2DNC,5.66,2.3,3,2.066666667
821,35.85,-97,4234,4242,1041520,301.4880952,AC,2RIn,5,2,1,2
826,35.95,-96.8,NA,NA,23700,42.85714286,AC,2DNC,4.644030769,4.2,65,2.533846154
828,35.88,-97.1,NA,NA,NA,NA,NA,NA,4.1675,3.2,2,3.05
829,36.25,-97.7,NA,NA,1365010,348.5714286,AC,2DCm,13.4745,2.3,2,1.95
830,36.64,-98.5,7425,10112,60436614,501.3384354,AC,2DNC,3.582,2.1,1,2.1
836,36.42,-97,3468,4840.5,10419688,10.13333333,AC,2RIn,4.200076923,3,13,2.576923077
839,36.84,-98,4993.2,5045,6571438,370.3178571,AC,2RIn,5.296,2.9,5,2.3
840,35.75,-97.1,NA,NA,534589,232.8571429,AC,2DNC,4.3982,3.2,15,2.58
842,36.25,-97.3,2031,2068,55622,300,AC,2RIn,5.405181818,2.5,11,2.136363636
843,36.36,-97,4644,5843,8999163,114.0104167,AC,2DNC,5.476857143,2.7,7,2.285714286
844,36.24,-96.7,2593.666667,2625,31820,NA,AC,2DNC,4.89,2.5,1,2.5
847,36.86,-98.2,6118,7898,32655688,178.176,AC,2DNC,6.004866667,3,30,2.396666667
848,36.51,-98.6,7500,9500,4634064,358.8618687,AC,2DCm,5.2359,3.3,10,2.49
853,36.58,-98.5,4531,4645,NA,NA,AC,2DNC,5.4829,3,10,2.4
855,36.59,-98.5,6057,6066,86852,1116.666667,AC,2RIn,6.596363636,3.4,11,2.590909091
857,36.21,-97.2,4203.666667,4222.5,866389,95.39577922,AC,2RIn,6.0542,2.4,5,2.14
858,34.52,-97.7,4700,5015.166667,3438972,5.598214286,AC,2DNC,5,2.8,1,2.8
859,36.13,-97.5,6527,8057.5,3280512,96.61030303,AC,2DNC,5.786625,2.8,8,2.525
864,36.88,-98.2,5842.5,7420.5,27585498,12.36181818,AC,2DNC,4.3558,3.5,10,2.52
867,36.97,-97.4,NA,NA,206100,434.2857143,AC,2DNC,6.045111111,2.5,9,2.288888889
871,36.93,-98.1,5860,7050,29094730,54.24695166,AC,2DNC,4.768333333,2.5,6,2.133333333
874,36.38,-97.3,NA,NA,912004,251.4196429,AC,2RIn,7.477,2.4,3,2.2
877,36.97,-97.7,5325,6394,512099,0.333333333,AC,2DNC,4.79175,2.8,4,2.4
879,36.42,-97.4,2132,2292,41700,NA,AC,2DNC,7.176923077,3.3,13,2.507692308
882,35.75,-97.3,5302,5333,16204,NA,AC,2DCm,5.5118,2.5,5,2.18
884,36.32,-97.7,7110,8035,929841,139.9297619,AC,2DNC,5.528,2.2,3,2.066666667
885,36.47,-98.1,7676,9200,1065408,25.52380952,AC,2DNC,6.296166667,2.9,6,2.45
887,36.34,-97.7,4932,4952,110242,38.57142857,AC,2DNC,5.572142857,3,14,2.364285714
888,35.85,-97.2,NA,NA,1533454,NA,AC,2DNC,5.743233333,3.7,30,2.47
889,36.22,-97.7,3320,3585,316106,100,AC,2DNC,4.604333333,3.2,3,2.833333333
890,35.93,-97,3134,3184,4846,35.77034632,AC,2RIn,4.3015,2.5,2,2.35
892,35.97,-97.5,6930,7100,4122252,34.26666667,AC,2DNC,5.12225,2.3,4,2.1
893,35.98,-97.5,2811,2898,261241,247.9047619,AC,2DNC,5.1395,3.3,14,2.457142857
894,35.89,-96.7,2090,2183,226800,40,AC,2DNC,4.7015,3.2,10,2.52
895,36.73,-98.6,6452,8897,28381440,NA,AC,2DNC,6.3835,2.8,2,2.2
905,36.63,-98.4,5894,5912,1500,67.85714286,AC,2RIn,5.435333333,2.4,3,2.266666667
909,36.23,-97.5,6215,7215,338150,71.83333333,AC,2DNC,6.975105263,3,19,2.452631579
912,36.71,-98.7,5825.5,9814.5,23506950,16.93333333,AC,2DNC,4.8426,3.1,5,2.5
913,36.22,-98.7,NA,NA,960454,1149.464286,AC,2DCm,5,2,1,2
917,36.72,-98.7,NA,NA,430461,159.534,AC,2DNC,5.352333333,3.3,15,2.566666667
920,35.79,-96.7,1289,1425,477250,250,AC,2DNC,5.578428571,2.5,7,2.328571429
923,36.04,-97,3312.666667,3716,3179175,110.7115464,AC,2RIn,5.504,3,2,2.65
925,36.32,-97.6,6460,7864,358072,30.87222222,AC,2DNC,6.436333333,3.5,12,2.733333333
926,36.77,-98.6,6750,9055,46996990,217.5292208,AC,2DNC,5.86325,2.6,8,2.2125
930,36.59,-97.4,4853,7160,4821115,4.708333333,AC,2DNC,6.552071429,2.8,14,2.35
933,36.74,-98.8,6320,7883.333333,17228251,189.1944444,AC,2DNC,5.302105263,3.3,19,2.405263158
935,36.21,-97.3,4331.333333,4377.333333,226773,206.8482143,AC,2RIn,5.697,3,12,2.391666667
939,36.58,-97.7,3950.5,4025,4688656,304.9041306,AC,2DNC,5.761,2.5,2,2.4
942,36.12,-97.8,4720,6740,10401456,734.8888889,AC,2DNC,5.687833333,3.6,6,2.516666667
943,36.35,-99.2,NA,NA,NA,NA,NA,NA,2.981,3.3,1,3.3
945,36.28,-96.7,2818,2824,12775,NA,AC,2DNC,4.017666667,2.6,6,2.416666667
951,36.04,-96.8,NA,NA,809223,93.92857143,AC,2DNC,4.7005,3.2,10,2.53
952,36.26,-96.8,3109,3125,90000,220.4166667,AC,2RIn,4.6876,2.5,5,2.22
956,36.73,-98.7,6839,6900,447453,24.85,AC,2DNC,5.7625,3,18,2.361111111
957,36.67,-97.2,4850,5860,6635970,NA,AC,2DNC,7.903,2.1,1,2.1
964,36.09,-96.7,1080,1100,404164,100,AC,2DNC,4.573,3.3,1,3.3
966,36.25,-96.8,4055,5047,11566159,213.4590774,AC,2DCm,4.7838,3.6,5,2.56
967,36.04,-96.7,4004,5332,2922710,35.85047619,AC,2DNC,4.6085,2.6,4,2.275
973,36.42,-96.8,2350,2650,5759337,6.466666667,AC,2DNC,4.859333333,2.4,3,2.066666667
979,34.22,-97.4,1504.2,2351,12999100,422.0312933,AC,2RIn,6.471,2.3,1,2.3
980,35.87,-96.7,2252,2262,50635,410.2638889,AC,2DNC,5.817434783,3.1,23,2.560869565
985,36.23,-98.9,5200,6300,1780072,762.5,AC,2DCm,5.684125,2.8,8,2.35
1005,35.43,-98.1,8154,8168,527951,438.8785714,AC,2RIn,18.121,2,1,2
1006,35.77,-96.8,NA,NA,29802501,231.1904762,AC,2DNC,3.832,2.1,2,1.45
1007,34.69,-97.4,2125,3034,1142775,392.7296429,AC,2DNC,4.08775,2.5,4,2.35
1012,34.08,-96.7,NA,NA,8130,146.4285714,AC,2RIn,0.046,1.5,1,1.5
1014,34.74,-97.4,5482,6335,2803107,488.75,AC,2DNC,2.369,1.5,1,1.5
1016,34.4,-97.5,2607.173913,2336.217391,55052761,876.7936212,AC,2RIn,2.994,1.6,1,1.6
1021,34.53,-97.4,NA,NA,393472,779.4047619,AC,2DNC,5.5835,1.3,2,1.3
1022,34.58,-97.5,8378.714286,8607.857143,8199007,474.8186508,AC,2DNC,0.045,1.8,1,1.8
1031,34.71,-97.5,NA,NA,911106,192.9857143,AC,2RIn,2.7,2.6,1,2.6
1037,34.43,-97.1,156,244,NA,NA,AC,2RIn,0.182,1.7,1,1.7
1041,35.53,-97.4,NA,NA,168000,85.71428571,AC,2RIn,4.341454545,2.9,22,1.918181818
1052,35.86,-96.8,3538,3574,131743,NA,AC,2RIn,4.42,2.1,2,2.05
1061,36.09,-96.6,2615,2628,258391,NA,AC,2DNC,8.584,2,1,2
1069,35.79,-98.5,3000,6000,6240864,649.3888889,AC,2DCm,2.247666667,2.6,3,2.4
1075,34.83,-97.7,9321.6,9394.7,9987436,719.4876488,AC,2RIn,8.58175,2.4,4,2.1
1078,34.82,-97.7,9284.6,9391,1578291,905.763474,AC,2RIn,3.348,2.2,2,2.15
1080,34.9,-97.7,4118,5125.5,7061199,725.0347222,AC,2DCm,5.8305,2.3,2,2.3
1083,35.54,-97.4,5629,6343,2136,NA,AC,2DNC,1.576,1.9,2,1.65
1085,34.43,-97.4,1472.333333,1850.833333,9260147,348.6755952,AC,2RIn,4.1185,2.1,2,1.9
1090,34.19,-97.4,2188.095238,2338.333333,29800911.3,461.8328501,AC,2RIn,3.137,2.2,1,2.2
1091,35.8,-97,NA,NA,976563,NA,AC,2DNC,5.174071429,3.3,14,2.292857143
1093,35.5,-97.4,6391.428571,6406.285714,582260,220.3159216,PA,2RIn,3.155,1.7,1,1.7
1100,35.65,-97,4979,4983,67530,NA,AC,2DNC,4.219,1.6,2,1.4
1102,35.51,-96.2,NA,NA,159600,28.57142857,AC,2DNC,4.701,2.1,1,2.1
1106,35.65,-97.6,NA,NA,2124900,NA,AC,2DNC,0.048,0.6,1,0.6
1107,35.83,-98.4,6570,6600,1174904,1319.083333,AC,2DNC,1.65225,2.8,4,2.375
1109,35.62,-97,NA,NA,15945113,130.127551,AC,2DNC,5.769125,2.4,8,1.675
1111,35.87,-98.5,3290,3930,127522,314.2857143,AC,2RIn,3.43,1.8,1,1.8
1112,34.61,-96.4,7153,8750,649125,640,AC,2DCm,4.784,2.2,4,1.775
1118,34.9,-97.5,8188.333333,8219.833333,1146307,1257.912458,AC,2RIn,3.415,2.2,1,2.2
1119,34.53,-96.4,2097,2268.5,5725,108.1845238,AC,2DNC,1.629,1.8,1,1.8
1120,34.7,-96.4,610,986,33466,137.8571429,AC,2DNC,0.014,2,1,2
1121,36.44,-99.1,5890,6424,1037011,135.7678571,AC,2DNC,0.006,1.1,1,1.1
1122,34.79,-96.3,7550,8430,49076058,1485.428571,AC,2DNC,0.624,1.8,1,1.8
1123,34.69,-96.4,NA,NA,47560.7,288.452381,AC,2DNC,0.046,2.1,3,1.866666667
1124,35.86,-97.1,4258,4321.8,3450065,377.7798822,AC,2RIn,3.824333333,2.9,6,1.866666667
1125,35.39,-96.8,1695,1705,2797807,91.2760582,AC,2DNC,3.5,2.1,2,1.9
1128,35.65,-97.2,5630,8700,10015961,75.12597403,AC,2DNC,4.046083333,3.4,24,2.216666667
1132,35.81,-97,4897.5,5440.5,4141593.08,17.12698413,TM,2R,4.1025,1.6,2,1.45
1136,34.96,-96.8,3057.5,3123.5,20895795,7.458333333,AC,2DNC,3.973,2,1,2
1157,35.84,-98.4,3449.333333,4693.333333,17257710,680.4831028,AC,2DNC,4.865,2.8,2,2.2
1159,35.55,-96.9,1650,2275,254382,120,AC,2DNC,0.104,1.9,1,1.9
1160,35.46,-96.4,3685,3701,307650,7.142857143,AC,2RIn,0.034,2.3,1,2.3
1164,35.41,-97.5,5708,5826.5,12011788,78.57142857,AC,2DNC,5,1.4,1,1.4
1167,35.76,-97.4,NA,NA,0.2,NA,AC,2DNC,4.84525,2.8,4,2.325
1171,35.9,-96.8,4536,5303,1561696,NA,AC,2DNC,4.617666667,2.4,3,2
1172,35.6,-97.5,6054,6159,25695,71.42857143,AC,2DNC,5,1.3,1,1.3
1173,35.67,-96.9,NA,NA,333638,NA,AC,2DNC,4.542,2.8,2,2.25
1177,34.03,-97.2,8173,8185,174888,2047.180556,AC,2RIn,1.078333333,3.4,3,2.2
1178,35.57,-96.9,4206,4220,6491,75.97222222,AC,2RIn,4.1,1.9,1,1.9
1179,35.72,-97,5800,7400,22659535,8.904761905,AC,2DNC,10.122,1.6,1,1.6
1183,34.64,-95.9,NA,NA,NA,NA,NA,NA,5,4,1,4
1185,35.13,-96.6,3763,3769,1800000,NA,AC,2DNC,5,2.1,1,2.1
1187,35.77,-96.9,5440,6500,21685456,252.1212121,AC,2DNC,5,2.5,2,2.1
1189,34.62,-97.5,NA,NA,81683,NA,AC,2RSI,5,2,1,2
1192,34.82,-96.3,4770,4890,48072,300,AC,2DNC,5,1.5,1,1.5
1194,36.19,-96.6,NA,NA,3626881,112.4861111,AC,2DNC,5,1.8,1,1.8
1199,34.7,-97.4,NA,NA,243830,230.7328571,AC,2DNC,5,1.6,1,1.6
1200,35.04,-97.7,3446,4460,6482491,1227.559524,AC,2DCm,5,1.3,1,1.3
1202,35.5,-96.6,4550,5500,405180,NA,AC,2DNC,5,2,4,1.9
1203,35.35,-96.6,NA,NA,27875722,179.4583333,AC,2DNC,6.262333333,3.3,3,1.966666667
1205,34.78,-96.3,4365,4590,47400,285.7142857,AC,2DNC,5,1.8,1,1.8
1207,35.08,-97.5,NA,NA,647145,274.2857143,AC,2DNC,5,2.6,4,2.15
1209,35.13,-97.5,5300,6270,40678,240,AC,2DCm,5,1.7,2,1.65
1210,34.92,-97.5,5210,5711.5,14266,NA,AC,2DNC,5,1.8,1,1.8
1213,35.1,-97.5,1150,1748,4475551,288.399131,AC,2DNC,3.8945,2.1,2,1.75
1218,34.98,-97.6,9804,11070,NA,NA,AC,2DCm,5,2.9,1,2.9
1225,35.1,-96.4,2476.25,2860,11130623,128.6063492,AC,2DNC,5,1.1,1,1.1
1226,34.82,-96.7,1209.111111,1263.777778,5361100,259.2103062,AC,2DNC,5,1.2,1,1.2
1229,35.62,-96.8,NA,NA,200850,117.8571429,AC,2RIn,5,1.5,1,1.5
1232,35.48,-96.6,NA,NA,1586093,112.8095238,AC,2DNC,5,2.7,3,2
1238,35.41,-97.4,6502,6515,127450,125,AC,2RIn,3.3905,2.5,2,2.25
1248,34.32,-97,NA,NA,499800,400,AC,2DNC,5,1.7,1,1.7
1253,34.92,-97.4,7119,8050,NA,NA,AC,2RIn,5,2.6,1,2.6
1261,34.54,-97.3,1296.333333,1526.666667,155974,100.1732804,AC,2RIn,5,2,1,2
1265,35.66,-96.9,4036,4048,190750,689.2857143,AC,2RIn,5,2.3,2,2.15
1267,35.99,-97.3,4946,4955,255866,301.4193723,AC,2RIn,4.4824,2.7,5,2.16
1269,35.41,-96.4,4447,5495,25690938,354.3809524,AC,2DNC,4.3725,2.1,2,1.75
1271,35.05,-96.9,4650.666667,2847,12292473.8,23.24404762,AC,2RIn,5,1.1,1,1.1
1272,35.52,-96.5,5320,7300,380149,12.5,AC,2DNC,5,1.7,3,1.433333333
1277,35,-96.7,3717,3800,536632,90.47619048,AC,2DNC,5,2.1,1,2.1
1281,35.35,-96.4,NA,NA,1969585,112.6984127,AC,2DNC,5,1.4,3,1.333333333
1282,35.93,-96.9,4790,5264,9459265,58.18442857,AC,2DNC,4.0518,2.5,5,2.14
1290,34.83,-96.7,840,492,998068,131.7789352,AC,2DNC,5,1.4,1,1.4
1291,36.01,-96.9,NA,NA,150305,14.01785714,AC,2DNC,5,1.6,1,1.6
1295,35.29,-96.4,3266.5,3938.25,9661732,85.42857143,AC,2DNC,5,1.1,1,1.1
1297,35.32,-96.4,1850,1880,287084,325,AC,2DNC,5,1.3,2,1.2
1300,35.34,-97.1,3995,4062,212340,63.69047619,AC,2DNC,4.8,1.1,1,1.1
1303,35.78,-97,4311.5,4324,1250180,214.702381,AC,2RIn,5.322166667,2.4,6,2.083333333
1304,35.33,-96.4,3600,3652,2114400,NA,AC,2DNC,5,1.5,2,1.45
1309,35.32,-96.5,NA,NA,107800,78.57142857,AC,2DNC,5.15225,1.9,4,1.5
1310,35.77,-97,NA,NA,6632975,66.57142857,AC,2DNC,7.07,1.9,2,1.65
1316,35.43,-96.7,NA,NA,740769,50.21753247,AC,2DNC,5,0.5,1,0.5
1317,35.09,-96.4,2053.4,1860.6,435938,69.75,AC,2DNC,5,1.5,1,1.5
1319,35.39,-96.7,3155,3190,608568,889.5595238,AC,2RIn,4.035333333,3.2,3,2.233333333
1323,34.9,-97.4,4088,5320,7307688,1389.702381,AC,2DCm,5,2.7,1,2.7
1332,35.71,-97,4706.5,4725.5,436600,NA,AC,2DNC,5.776,2.3,2,1.95
1336,34.1,-96.7,NA,NA,852,NA,AC,2DNC,5,3.5,1,3.5
1340,35.47,-97.5,5546.5,6961.5,15136551,NA,AC,2DNC,5,1.6,1,1.6
1345,34.81,-97.8,1633.5,1851,417912,144.5833333,AC,2DNC,3.556,3.2,2,2.3
1346,35.76,-97,3415.5,3768.5,20983,NA,AC,2DNC,5,1.2,1,1.2
1348,35.3,-96.4,1839,1876,777816,5.714285714,AC,2RIn,5,1.2,1,1.2
1350,35.74,-97.2,NA,NA,169758,214.2857143,AC,2DNC,5.527666667,2.5,3,2.4
1351,34.92,-96,NA,NA,7251941,669.5527211,AC,2DNC,5,2.8,1,2.8
1355,36.16,-96.9,4759,6180,9718020,214.21,AC,2DNC,5.425230769,3.1,13,2.146153846
1359,35.73,-97.1,NA,NA,3512337,NA,AC,2DNC,8.1138,3.1,5,2.42
1361,35.84,-97,NA,NA,3657815,NA,AC,2DNC,2.8735,2.1,2,1.65
1365,34.12,-96.8,NA,NA,NA,NA,NA,NA,5,3.3,1,3.3
1366,35.7,-96.7,4227,4285,3348109.4,290.4761905,AC,2DNC,1.323,0.7,1,0.7
1367,35.36,-96.5,3719,3784,15030882,235.0231602,AC,2DNC,4.924875,2.6,8,1.5375
1370,35.3,-96.7,4341,4366,3281637,32.48412698,AC,2DNC,5,0.9,1,0.9
1371,36.11,-96.9,2565,2650,239853,NA,AC,2DNC,5.226142857,2,7,1.628571429
1373,34.06,-97.4,NA,NA,2595269,2070.765873,AC,2RIn,8.24425,2.6,4,2.025
1374,35.21,-97.2,5767.5,5799.5,795939,316.7850379,AC,2RIn,30.004,1.6,1,1.6
1376,35.38,-96.8,NA,NA,4221340,NA,AC,2DNC,5,0.6,1,0.6
1378,34.07,-96.6,NA,NA,NA,NA,NA,NA,5.8345,3.2,2,3.05
1383,35.47,-97,5403,5420,640981,NA,AC,2DNC,5.182333333,2.9,9,1.922222222
1384,35.18,-96.3,874,890,108953,NA,AC,2DNC,0.971,1.5,1,1.5
1395,34.93,-97.7,4154,4786,7224062,1087.22,AC,2DCm,5,1.3,1,1.3
1397,35.42,-96.4,3550,4210,6997982,285.7142857,AC,2DNC,5,2.4,3,1.6
1403,35.12,-97.9,4020,4600,2506304,1199.308081,AC,2DCm,12.583,2.7,3,2.433333333
1407,34.1,-96.6,5685,5773.333333,995704,153.7865079,AC,2RIn,5,3,2,2.4
1408,36.12,-97,5000,6000,1861134,235.3430736,AC,2DNC,5.8965,2.5,10,2.04
1412,36.14,-97.1,2474,5190,11998108,186.2277778,AC,2DNC,5,2.1,5,1.88
1414,36.11,-97,1274,1350,504111,200,AC,2DNC,5.418333333,3.2,15,2.273333333
1415,34.57,-97.5,1940.416667,2160.041667,47334445,494.9245229,AC,2RIn,5,1.3,1,1.3
1416,35.93,-97.1,NA,NA,1160450,NA,AC,2DNC,4.11,2.6,9,2.144444444
1418,35.36,-96.4,NA,NA,4119245,397.7717687,AC,2DNC,5,1.7,4,1.2
1419,34.92,-96.2,NA,NA,15530600,2926.24375,AC,2DCm,5,1.7,2,1.65
1426,36.07,-96.9,4369.5,5478.5,16108801,166.6276131,AC,2DNC,5.210333333,2.5,6,1.933333333
1428,36.05,-96.9,4028.666667,4463.666667,6397499,188.4879535,AC,2DNC,5.1738,2.9,5,2.1
1433,35.23,-96.5,NA,NA,15069.6,NA,AC,2DNC,5,1.5,1,1.5
1435,36.83,-97.7,5896,6976,10716338,101.6833333,AC,2DNC,5.28844,2.8,25,2.208
1441,36.62,-98,7000,8200,2395276,115.1406926,AC,2DNC,4.82075,3.4,12,2.266666667
1447,34.48,-97.1,5500,6150,1184651,8.73015873,AC,2RIn,0,1.6,1,1.6
1449,34.37,-97.6,1364,1717.5,11647768.69,409.4189153,AC,2DNC,5.06125,2,4,1.7
1455,36.19,-97,5137,6362,5939237,106.3928571,AC,2DNC,5.005333333,3.2,12,2.525
1458,36.85,-98,4991,5016,177881,745.6428571,AC,2RIn,4.319666667,2.7,3,1.933333333
1459,35.76,-96.9,5400,6400,3214166,NA,AC,2DNC,5,0.8,1,0.8
1461,35.86,-97,4200,4400,350,NA,AC,2DNC,5,1.5,1,1.5
1467,35.89,-97.5,7300,8700,1096042,127.3044742,AC,2DNC,5,1.7,1,1.7
1468,36.65,-98.5,6526.5,9303,5935138,253.2916667,AC,2DNC,6.464304348,3.7,23,2.491304348
1476,36.58,-98,6848,8889.5,19467519,83.76488095,AC,2DNC,5,1.7,1,1.7
1480,36.61,-98.1,NA,NA,29972504,354.8571429,AC,2DNC,5.642111111,3.2,9,2.377777778
1481,34.48,-97.6,3606.863636,4165.681818,27178323.31,609.328991,AC,2RIn,5,2.1,1,2.1
1483,34.49,-97.7,1681.8,1825.6,7818177,567.7542451,AC,2RIn,5,2.1,2,1.75
1484,34.44,-97.7,887.6296296,1263.259259,19547099,343.0189405,AC,2DNC,12.003,2.3,1,2.3
1485,34.47,-97.6,2880.5,3697.857143,27029623,821.8992597,AC,2RIn,5,2.1,1,2.1
1486,34.47,-97.7,1748.416667,1837.666667,29782346.9,566.3017277,AC,2RIn,7.0225,1.7,2,1.55
1487,34.45,-97.7,1823.861111,2244,24056242.77,512.9960255,AC,2RIn,12.8075,1.8,2,1.8
1489,35.22,-96.6,NA,NA,1202000,76.19047619,AC,2DNC,7.193,1.7,1,1.7
1490,36.67,-97.4,4330,4342,586952,99.80952381,AC,2RIn,7.066333333,2.1,3,1.966666667
1492,34.3,-97.5,716,1058,2411375,340,AC,2RIn,5,1.8,1,1.8
1493,35.95,-96.6,2522.263158,2476.578947,12981893,153.1651708,AC,2RIn,5.15,1.8,1,1.8
1494,36.1,-96.8,3430,3450,622300,225.297619,TM,2D,5,1.6,2,1.55
1496,35.53,-97,NA,NA,493248,86.79166667,AC,2DNC,5,1,1,1
1504,35.3,-96.5,3603,3619,3678142,125,AC,2DNC,5,0.6,1,0.6
1506,36.96,-98.2,5725,6950,18638367,37.33874459,AC,2DNC,5,2.3,4,1.925
1507,36.56,-97.9,5754,7526.666667,30044712.3,214.5991162,AC,2DNC,4.43375,2.4,4,2.125
1509,36.26,-96.9,NA,NA,426700,122.6736111,AC,2RIn,4.8352,1.9,5,1.26
1511,36.14,-96.8,3477.5,3484,1596000,NA,AC,2RIn,6.018944444,3.2,18,2.172222222
1520,33.98,-97.1,NA,NA,17874,249.1666667,AC,2DNC,4.166666667,2.4,3,2.066666667
1525,34.01,-97.1,5265,5297,13525,380.4761905,AC,2RIn,5,2.3,1,2.3
1533,36.96,-98.3,5573.5,7742.5,58863026,3.272619048,AC,2DNC,5,1.6,1,1.6
1538,35.4,-96.2,NA,NA,484190,61.36309524,AC,2DNC,0.028,1.2,1,1.2
1539,36.35,-96.9,NA,NA,173100,94.28571429,AC,2DNC,5,1.8,3,1.6
1540,35.33,-97.4,NA,NA,3886580,528.2857143,AC,2DNC,5,1.4,1,1.4
1546,35.41,-96.1,1965,2008,398196,NA,AC,2RIn,0.101,1.1,1,1.1
1548,35.96,-97.3,4916,4929,440431,509.522619,AC,2RIn,5.292666667,2.6,6,2.133333333
1549,36.18,-96.8,4186,5595,7651153.1,154.4047619,AC,2DNC,5.261166667,2.9,12,2.125
1554,34.09,-96.6,4833.428571,4967.428571,2098299,198.9261716,AC,2RIn,5,3,1,3
1558,35.8,-97.1,NA,NA,1075699,142.8571429,AC,2DNC,5.147363636,2.6,11,2.136363636
1565,36.02,-97.1,NA,NA,1045189,488.5714286,AC,2DNC,4.540325,3.7,40,2.335
1566,36.06,-97.1,NA,NA,24940,NA,AC,2DNC,4.7824,2.8,5,2.18
1571,36.78,-98.1,5232,5259,1444778,140.8214286,AC,2RIn,5.199571429,3,7,2.328571429
1572,36.65,-98.2,6700,7100,12517446,197.5418182,AC,2DNC,4.826833333,3.1,6,2.333333333
1576,36.18,-96.7,2834.666667,3548.666667,20172971,252.3571429,AC,2DNC,4.3596,2.8,10,1.93
1582,35.69,-97.4,5821,2951.5,NA,NA,AC,2RIn,5.2555,2.7,6,1.883333333
1585,36.09,-96.9,4500,6100,11294678,225.0821136,AC,2DNC,4.186666667,2.7,3,2.3
1588,34.5,-97.2,6770,7056,693370,490.25,AC,2RSI,0.019,2.3,1,2.3
1591,35.16,-96.3,3904,4646.5,1197850,NA,AC,2DNC,7.815,1.9,1,1.9
1593,35.98,-97.4,NA,NA,12643.73,50,PA,2RIn,4.0735,2.2,2,1.9
1595,35.23,-98,3970,7280,3019270,1200,AC,2DCm,5,1.7,1,1.7
1596,34.89,-96.3,445,511,21060,180.1428571,AC,2DNC,5,1.1,1,1.1
1597,36.9,-98.1,5735,7450,9969707,9.652777778,AC,2DNC,4.9326,2.9,5,2.42
1599,34.42,-97.6,5341.321429,4949.071429,36833790,612.4826134,AC,2RIn,4.6474,2.2,5,2.08
1600,34.4,-97.6,3545.6,4083.4,18479425,746.265377,AC,2RIn,11.475,2.2,2,2.15
1601,36.61,-97.9,6509,6660,1391712,155.3333333,AC,2DNC,7.410857143,2.6,7,2.157142857
1606,35.82,-97.1,NA,NA,89111,242.8571429,AC,2DNC,3.9255,3,2,2.3
1607,36.77,-98.4,6080,7800,18322271,129.9328283,AC,2DNC,3.2015,2.1,2,2.1
1608,36.6,-97.9,6250,6264,NA,NA,AC,2RIn,5.072,2.6,4,2.225
1609,36.99,-97.4,3424,3451,3246879,134.2619048,AC,2RIn,11.964,2.2,1,2.2
1610,36.88,-98.3,5610,8900,37010139,167.0555556,AC,2DNC,4.643888889,2.8,9,2.244444444
1611,36.78,-98.4,5727.333333,6481.333333,63908819,98.034136,AC,2DNC,5.1494,2.3,5,2.08
1612,36.33,-97,4814,6042,12708884,177.5,AC,2DNC,4.809166667,2.6,6,1.9
1613,36.02,-97.2,2756.25,2765.5,1250085,232.8389881,AC,2RIn,5.512666667,2.7,3,2.1
1614,36.97,-98.2,5570,7066.666667,31655987,23.55820106,AC,2DNC,4.758,2,2,1.8
1615,36.99,-98.1,NA,NA,236614.95,387.3646259,AC,2DNC,5,1.7,1,1.7
1616,35.4,-96.4,3461,3484,14727974,51.8452381,AC,2DNC,5,2.8,4,2.05
1618,34.15,-97.3,NA,NA,65969,500,AC,2RIn,0.855,2.1,1,2.1
1623,36.93,-98.3,5641,6996,19410526,16.50119048,AC,2DNC,5,2.3,1,2.3
1625,35.93,-97.6,6785,8000,2394189,264.3873253,AC,2DNC,4.865666667,2.3,3,2
1629,36.72,-98,NA,NA,526105,203.2683983,AC,2DNC,4.8514,2.6,5,2.12
1632,36.65,-98.3,7058,8306,37278284,1.672727273,AC,2DNC,5.597666667,2.6,3,2.433333333
1635,35.66,-97,NA,NA,9580197,NA,AC,2DNC,5.109,2.3,3,2
1637,36.74,-98.6,5644.5,8543.5,36185957,8.667929293,AC,2DNC,7.7685,2.9,2,2.65
1638,36.15,-96.8,3206,3254,576755,214.2857143,AC,2DNC,6.419545455,3.2,11,2.372727273
1645,36.8,-97.6,5331,5949.5,2698078,332.6031746,AC,2DNC,5.0044,2.9,5,2.2
1648,35.8,-96.9,2300,2365,6775,NA,AC,2DNC,5,1.5,1,1.5
1649,36.8,-98,5165,5774,2966290,NA,AC,2DNC,3.70225,2.9,4,2.2
1650,36.78,-98.3,6316,7700,17981506,199.5994318,AC,2DNC,5,2.5,2,2.1
1652,36.01,-97.2,NA,NA,4144733,275.9193024,AC,2DNC,3.2695,2.1,2,1.85
1656,36.13,-97,5057,6545,14263218,266.65,AC,2DNC,4.553333333,1.8,3,1.633333333
1658,36.16,-97.3,4354,4396.5,109493,60.53841991,AC,2RIn,5.9194,2,5,1.88
1660,35.57,-98.1,8231,8248.5,756618,338.2514997,AC,2RIn,4.914857143,3.4,7,2.385714286
1661,35.13,-96.4,2788,2802,315396,185.5753968,AC,2DNC,5,1.9,1,1.9
1662,36.98,-97.8,3660,3750,1575063,NA,AC,2DNC,11.318,1.5,1,1.5
1663,36.7,-97.4,NA,NA,13138705,96.19206349,AC,2DNC,5,1.9,2,1.9
1668,36.07,-96.8,2899.5,2992,16098596,86.27170635,AC,2RIn,4.963666667,3.3,6,2.35
1669,36.08,-96.8,3306,3319,1022875,86.43452381,AC,2DNC,5.139166667,2.7,6,2.283333333
1673,35.66,-98.1,NA,NA,1014244,619.9591837,AC,2RIn,5,1.5,1,1.5
1680,35.96,-97.2,NA,NA,2905638,65.71428571,AC,2DNC,5.773833333,2.8,6,2.3
1681,36.07,-97.1,5040,5360,2696947,160.0420536,AC,2DNC,4.216,2.6,5,2.38
1683,36.16,-97.2,5930,7310,1422700,180,AC,2DNC,5,2.7,1,2.7
1686,36.99,-97.9,5690,6800,6718871,19.75731808,AC,2DNC,6.6296,2.5,5,2.16
1694,36.23,-96.8,4247,5446,4614239,418.775,AC,2DNC,5,1.6,1,1.6
1696,35.92,-96.9,4206,4536,2267148,78.22916667,AC,2DNC,10.2805,2.6,2,2.2
1699,36.55,-97.9,3350,5050,14260523.4,492.7219048,AC,2DCm,3.41125,2.4,4,2.25
1706,36.72,-97.7,NA,NA,1637810,385.7142857,AC,2DNC,5.944,2.7,3,2.466666667
1713,36.03,-97.3,1800,1810.333333,3140378,819.0124008,AC,2RIn,4.9355,2.7,16,2.16875
1714,35.84,-97.5,6671,7960,546460,112.5,AC,2DNC,5.8722,1.9,5,1.36
1719,36.26,-97.1,3996,4014,342724,114.2857143,AC,2RIn,7.1612,2.8,5,2.36
1720,36.93,-98.2,5557.5,8550,15550400,10.33611111,AC,2DNC,5,1.9,1,1.9
1721,36.04,-97.5,6538,8235,5669949,250.4222222,AC,2DNC,4.957571429,3,7,2.442857143
1726,36.08,-97.1,3295,3338,459540,92.85714286,AC,2DNC,6.208,2.5,6,1.783333333
1728,36.06,-96.9,4699,6103,546227,36.74416667,TM,2D,3.9065,2.5,2,2
1730,36.28,-97.1,4950,6400,11161036,205.1666667,AC,2DNC,6.876714286,3.1,7,2.271428571
1732,35.82,-97,NA,NA,1876052,108.0555556,AC,2DNC,5,2.4,1,2.4
1733,36.48,-97.8,NA,NA,534344,246.6145833,AC,2DCm,4.635142857,2.7,7,2.5
1734,36.31,-98.3,6920.666667,6994.333333,560286,1797.214286,AC,2RIn,11.112,2.2,1,2.2
1739,36.07,-97.5,5900,8700,6609458,176.6118056,AC,2DNC,4.541571429,2.5,7,2.242857143
1742,36.12,-97.7,6655,7538,12278576,412.6303664,AC,2DNC,4.7182,2.3,5,1.98
1743,36.15,-97.6,3113,3650,12233992,422.5760771,AC,2DNC,2.914333333,2.9,6,2.25
1746,35.91,-97.2,NA,NA,5499870,56.25,AC,2DNC,5.8005,3.3,2,2.6
1747,36.32,-96.7,3653,5131,887987,55.5625,AC,2DNC,9.1865,2.3,2,1.85
1749,34.55,-97.7,2763.666667,3030.666667,993635,14.31597222,AC,2RIn,5,2.9,2,2.5
1751,35.93,-97.2,4333.5,4401.5,1545419,59.9512987,AC,2DNC,3.608333333,2.5,3,1.933333333
1752,36.38,-97,4545,5902,7734089,183.7467532,AC,2DNC,5.1122,2.7,5,2.16
1754,36.39,-97.1,1653,1680,127995,114.2857143,AC,2DNC,5.123285714,3.2,7,2.414285714
1757,35.96,-97.1,5222,7200,4839723,15.73214286,AC,2DNC,5.15,1.8,1,1.8
1759,36.31,-97.3,NA,NA,4184,39.07142857,AC,2RIn,5,1.8,1,1.8
1760,36.81,-98,6173,7379,5589218,12.28333333,AC,2DNC,5.7395,2.8,4,2.2
1761,35.87,-97.6,5999,7021.666667,20054753,371.2481481,AC,2DCm,5,1.2,1,1.2
1762,36.22,-96.9,4895,5704,5102713,231.1121212,AC,2DNC,2.9975,2.1,2,2.1
1763,35.99,-97.4,5226,5240,97256,NA,AC,2DNC,5.244,2.5,3,2.3
1764,36.26,-97.2,5466,6766,6139632,152.1575758,AC,2DNC,6.482714286,2.6,7,2.214285714
1766,36.3,-97.3,2358,2560,494363,128.125,AC,2DCm,5,1.3,1,1.3
1768,34.39,-97.7,1044.733333,1086.866667,6837449,231.1463469,AC,2RIn,5,2.2,1,2.2
1769,34.41,-97.7,515.1842105,635.8947368,48831477,214.4928523,AC,2DNC,5,2.5,2,2.25
1770,34.42,-97.7,928.7954545,1244.318182,76463342.04,264.4918349,AC,2RIn,5,2.5,2,2.3
1771,34.41,-97.6,4641,5035.3,37372136,993.6938049,AC,2RIn,2.50025,2.3,4,1.925
1772,34.44,-97.6,2422.375,3189.5,18581200.77,400.063925,AC,2RIn,2.5525,2.5,2,2.3
1773,34.43,-97.7,516.8108108,1008.162162,42130003,189.4304821,AC,2RIn,5,2.2,1,2.2
1777,36.99,-97.8,4757,5223,2952765,11.51785714,AC,2DNC,5,2,1,2
1784,35.84,-97.1,4635,4670,960675,226.7748918,AC,2RIn,5,1.8,1,1.8
1786,36.12,-97.5,6521,8071,2648635,105.0880682,AC,2DNC,4.964928571,2.6,14,2.264285714
1792,36.88,-97.9,5988,6980,2374021,2.3,AC,2DNC,5.1165,2.7,2,2.55
1795,36.7,-97.9,5978,5992,7233866,9.925170068,AC,2DNC,5.7208,2.5,5,2.18
1799,34.5,-97.7,1270,1626,814561,88.0952381,TM,2R,5,2.6,4,2.225
1800,34.6,-97.6,3078,5691,3848739,825.7291667,AC,2DCm,5,1.6,1,1.6
1801,35.91,-96.8,986,1650,120730,105,AC,2DNC,4.223,1.8,1,1.8
1802,34.51,-97.7,NA,NA,64617,NA,AC,2DNC,5,2.3,1,2.3
1803,36.32,-97.4,1935,1950,72942,35.71428571,AC,2DNC,5.82175,2.4,4,2.225
1804,33.97,-97.3,4720,4820,1600,NA,AC,2RSI,6.68,2.5,2,1.7
1805,33.98,-97.3,7596,7616,600,NA,AC,2RSI,2.7925,1,2,0.95
1807,34.39,-97.6,2412.875,2637.5,15364125,741.9059844,AC,2RIn,5,2.6,1,2.6
1811,35.59,-97,1500,1512,NA,NA,AC,2DNC,5.711,1.8,1,1.8
1815,36.26,-97.6,6910,8141,963876,39.49333333,AC,2DNC,4.787285714,2.7,7,2.057142857
1820,34.25,-97.4,892,919.25,566559,255.6931818,AC,2RIn,6.855,1.5,1,1.5
1823,34.08,-97.4,6936,6951,2567889,1219.976786,AC,2RIn,5,1.2,1,1.2
1824,34.07,-97.4,1700,3000,2074675,1302.866071,AC,2DCm,7.101,2.4,2,2.1
1828,35.97,-97,4095,4987.5,10197204,433.9974014,AC,2DCm,4.464333333,2.6,3,2.3
1830,36.35,-96.8,3976,5251,10595645,317.1111111,AC,2RIn,4.645583333,3,12,2.35
1834,36.8,-98.6,6584,7293.5,23138345,229.4133929,AC,2DNC,6.9994,2.3,5,2.08
1841,36.37,-97.4,NA,NA,136949,125,AC,2DNC,5.7166,2.6,5,2.32
1845,36.03,-97,2753.666667,3446,3465041,201.8167989,AC,2DNC,3.83,2.7,2,2.55
1849,35.3,-96,2959,2971,91200,NA,AC,2RIn,5,2.7,1,2.7
1853,36.09,-97.3,5810,7368,492148,18.1371,AC,2DNC,3.811333333,2,3,1.766666667
1855,36.97,-97.9,5628,6507,5686803,41.76105442,AC,2DNC,4.079,2.9,5,2.5
1856,36.71,-97.8,6254,7506,1456989,6.25,AC,2DNC,5.657,2.4,4,2.225
1858,36.01,-97,4500,5300,2154003,11.66666667,PA,2D,5,2,1,2
1864,36.55,-97,4627,5882,2283103,NA,AC,2DNC,6.056,2.5,2,2.3
1865,36.27,-96.8,3109,3124,57500,90,AC,2RIn,6.341,2,1,2
1870,36.61,-98.3,7356,8829,23077581,88.74828283,AC,2DNC,4.89125,3,4,2.425
1871,36.3,-97,NA,NA,NA,NA,NA,NA,5,3.2,1,3.2
1873,36.79,-98.6,6200,6400,16720,250,AC,2DCm,5,2.3,3,2.033333333
1877,36.17,-97.2,5768,7445,3164506,609.1,AC,2DNC,4.713666667,3,3,2.666666667
1878,35.85,-97.1,4871.75,5377,10016589,350.2244447,AC,2RIn,4.896,2.3,1,2.3
1879,36.36,-97.2,5326,6700,11874928,34.93181818,AC,2DNC,8.549333333,2.6,3,2.233333333
1883,36.38,-97.4,NA,NA,288836,492.7670068,AC,2RIn,5.5668,2.6,5,2.22
1884,36.36,-97.6,2343,2373,5656381,36.46031746,AC,2DNC,6.136,1.8,1,1.8
1889,36.23,-96.7,2015.75,2370.75,599517,12.5,AC,2DNC,4.5645,2.9,2,2.2
1892,36.85,-97.4,2810,2909,521666,39.86111111,AC,2DNC,5,2.3,1,2.3
1893,36.94,-98.3,5750,6840,5694375,0.833333333,AC,2DNC,6.4505,2.2,2,2
1895,36.49,-97.7,6932,8100,373037,3.25,AC,2DNC,5,2.4,1,2.4
1899,36.03,-96.5,2695,2706,66000,10,AC,2RIn,4.025,1.7,1,1.7
1905,36.06,-97.3,3950.666667,5499.666667,7497872,61.89795465,AC,2DNC,4.059666667,3.4,9,2.6
1908,36.34,-96.9,4518,5634,11685990,115.3295,AC,2DNC,3.84,2.8,4,2.1
1911,36.51,-97.5,4970,5100,20100,NA,AC,2DNC,4.832,2.7,1,2.7
1913,35.05,-96.5,4330,4350,31230,NA,AC,2DNC,5,2,1,2
1914,36.58,-97.4,5200,7500,8730211.5,0.277777778,AC,2DNC,6.810846154,2.7,13,2.261538462
1915,36.31,-97.2,NA,NA,168416,5,AC,2RIn,5.0885,2.5,4,2.4
1916,34.59,-97.5,3200,3800,163,700,AC,2RIn,5.486,2.5,1,2.5
1924,36.41,-97.3,5550,6960,9670117,320.452381,AC,2DCm,6.378454545,2.8,11,2.1
1926,36.52,-97.3,2160,2314,337621,37.76190476,AC,2DNC,6.3234,3.2,5,2.64
1931,36.42,-99,NA,NA,5173342,631.1666667,AC,2DNC,6.604,2.7,1,2.7
1937,36.53,-97.8,NA,NA,74187,20.98333333,AC,2DNC,4.4532,2.6,5,2.42
1945,34.18,-96.8,5998,6432,95440,NA,AC,2DNC,5,3,1,3
1946,36.3,-97.4,4033,4038,50600,150,AC,2DNC,6.138,1.7,1,1.7
1947,36.94,-97.4,4429.5,6453,9499372,13.22083333,AC,2DNC,5.322,2.6,1,2.6
1948,36.53,-97.2,2160,2330,196004,100,AC,2DNC,5.885,2,2,1.95
1956,36.3,-98.2,NA,NA,2063634,600,AC,2DNC,5.940428571,3,7,2.442857143
1958,36.33,-96.7,NA,NA,94440,25,AC,2RIn,1.111,2.1,1,2.1
1961,36.87,-98.2,5730,7450,18625884,90.37361111,AC,2DNC,5.901266667,3.1,15,2.393333333
1962,36.79,-98.5,4558,4611,3345809,257.1428571,AC,2DCm,5.8404,3.5,5,2.52
1963,36.78,-97.7,6030,7128,5933680,17.72222222,AC,2DNC,4.8158,2.5,5,2.08
1979,36.92,-98.8,6030,7160,10167571,NA,AC,2DNC,5.3974,2.7,5,2.32
1980,36.92,-97.8,5550,7000,1687124,NA,AC,2DCm,3.7756,3,5,2.46
1981,36.05,-96.8,NA,NA,108270,23.13968254,AC,2DNC,4.38125,2.7,8,2.175
1982,35.9,-97.2,4932,4955,2490286,NA,AC,2DNC,6.60075,3.1,4,2.525
1987,35.88,-97.2,NA,NA,NA,NA,NA,NA,5.9365,3.1,2,3.05
1991,36.54,-98.4,6276.5,7397.5,4808040,35.32714286,AC,2DNC,5.63,3.1,6,2.283333333
1993,36.45,-97.4,2199,2211,8326010,7.142857143,AC,2DNC,6.714,2.5,3,2.233333333
1997,36.77,-98.3,6089,8775.5,21626771,173.4590909,AC,2DNC,3.96,2.1,1,2.1
1998,36.5,-98.4,5150,5590,844184,92.4,PA,2DCm,5.6364,2.8,5,2.42
2000,35.94,-96.7,3954,5130,832795,NA,AC,2DNC,4.4945,2.6,6,2.233333333
2004,36.43,-97.3,2150,2386,26400,260,AC,2DNC,6.629444444,2.6,9,2.333333333
2007,35.88,-97,1560,1970,191392,320,AC,2DNC,4.585,3,2,2.7
2014,36.55,-98.2,7600,8720,8705093,58.08333333,AC,2DNC,5.85925,2.4,4,2.225
2015,36.17,-97.6,NA,NA,2178170,342.8996599,AC,2DNC,5.404,2.6,2,2.35
2021,36.34,-97.6,1686.5,1695,1607366,148.774531,AC,2RIn,5.99,2.7,3,2.5
2023,36.19,-97.3,4640.25,5041.25,1766249,206.1843975,AC,2RIn,6.095285714,3,7,2.385714286
2024,36.9,-98.2,5221.666667,5794,40511835,299.1227353,AC,2RIn,5.447,2.7,2,2.6
2028,36.23,-97.4,3330,4050,573360.9,NA,AC,2DNC,6.73,2.5,5,2.32
2029,36.27,-97.7,3230,3260,1170486,548.4166667,AC,2DCm,4.016285714,2.8,7,2.328571429
2031,36.41,-97.2,5100,6500,1329317,2.177777778,AC,2DNC,5,2.2,1,2.2
2037,36.84,-98.5,6188,9982,48278125,15.87878788,AC,2DNC,4.7675,2.1,2,2
2038,36.61,-98.5,4570,7284,6992676,472,AC,2DNC,3.8,2.3,1,2.3
2039,36.19,-97.1,5395,6786,5550513,58.03386905,AC,2DNC,3.605,2,1,2
2040,35.78,-97.1,NA,NA,509810,NA,AC,2DNC,5.296,2.2,1,2.2
2042,36.46,-97.4,4312,4512,28893494,29.48452381,AC,2DNC,7.228,2.5,1,2.5
2043,36.35,-97.2,5290,6647,18430160,196.5,AC,2DNC,4.875,2.5,1,2.5
2058,35.91,-96.9,3990,4010,1735483,74.83333333,AC,2DNC,4.727666667,2.6,3,2.366666667
2062,36.1,-97.6,6871,8400,3904648,225.5231481,AC,2DNC,6.052,2.9,3,2.533333333
2064,36.96,-98.9,5864,7680,1029978,NA,AC,2DNC,5.85,2.5,2,2.45
2068,36.33,-98.7,7836,8424,1876456,164.4761905,AC,2DNC,5,2.8,1,2.8
2069,36.03,-97.6,7030,9500,1884400,361.4722222,AC,2DNC,2.5145,2.6,2,2.4
2070,36.81,-98.5,6459,8811,46495217,50.07323232,AC,2DNC,6.235,2.9,7,2.528571429
2075,35.58,-96.8,3653,3655,68352,173.3452381,AC,2DNC,5.429,2.2,1,2.2
2077,35.99,-97.5,NA,NA,33222,41.82142857,AC,2DNC,5.4615,2.8,8,2.3
2080,36.95,-98.1,5714,7122.5,10607979,13.61303855,AC,2DNC,6.136666667,2.6,3,2.366666667
2081,36.38,-96.8,4175,5300,13121508,1.428571429,AC,2DNC,3.53025,2.6,4,1.95
2083,36.39,-97.6,2244,2264,93851,42.85714286,AC,2RIn,4.63825,2.5,4,2.25
2088,35.67,-97.3,NA,NA,75301,40.57142857,AC,2DNC,3.727,3.2,1,3.2
2090,36.67,-98.8,4633,7384,NA,NA,AC,2DNC,4.51225,2.3,4,2.175
2102,36.56,-97.4,4423,4448,808500,NA,AC,2RIn,5.1686,2.3,5,2.06
2110,36.03,-96.9,3740,3748,558230,125,AC,2DNC,6.035,2.5,1,2.5
2112,36.7,-98.6,5069,6458,4393199,436.974026,AC,2DNC,5.527,3.2,8,2.3125
2116,36.24,-96.9,NA,NA,1242686,380.3801407,AC,2RIn,5,2,1,2
2117,36.98,-98.1,5545,7050,27437215,45.90120594,AC,2DNC,5,1.8,1,1.8
2121,35,-97.7,NA,NA,320457.6,23.47571429,AC,2DNC,4.223,2.7,2,2.4
2124,36.43,-97.7,NA,NA,2072099,262.64424,AC,2DNC,5.567428571,3,7,2.485714286
2125,36.38,-97.6,4560,4750,60419798,75,AC,2DNC,4.7925,2.5,4,2.325
2136,35.94,-97,3291,3299,722631,133.3333333,AC,2DNC,4.646,2.4,1,2.4
2138,36.68,-98.6,4517,6917,49567081,9.883333333,AC,2DNC,5.9445,2.7,2,2.4
2140,36.74,-97.8,6052,7587.5,9681664,7.374404762,AC,2DNC,5.5825,2.9,4,2.6
2141,36.77,-98.5,6620,8100,7846406,58.11111111,AC,2DNC,5.2485,2.8,6,2.4
2143,36.58,-97.9,6852.333333,7587.666667,21167508.8,200.0216601,AC,2RIn,6.1388,2.5,5,2.14
2146,36.43,-97,1850,1950,234360,214.2857143,AC,2DNC,4.31,2.3,8,1.925
2147,36.91,-97.6,3358,3852,1044539,707.1428571,AC,2DNC,5.6505,3,4,2.3
2148,36.18,-97.6,NA,NA,2630668,284.452381,AC,2DCm,5.811,2.6,2,2.4
2150,34.46,-97.8,NA,NA,3651832,545.1785714,AC,2RIn,5,2.4,1,2.4
2152,36.44,-98.3,4244,4350,328190,459.8809524,AC,2DNC,6.84,3,1,3
2153,34.48,-97.8,NA,NA,1108357,400,AC,2RIn,5,2.7,1,2.7
2155,36.82,-97.5,4408,4538,8512749,117.4031746,AC,2DNC,7.604555556,3.6,9,2.677777778
2158,34.3,-97.6,2263.4,2441.6,4099699,332.7166667,AC,2RIn,3.715,2.7,1,2.7
2161,35.86,-96.9,2467,2660,3607790,411.7583333,AC,2DNC,5.269,3,3,2.766666667
2162,36.6,-98.5,6015,6034,13752,666.6666667,AC,2RIn,3.813,2.5,1,2.5
2163,35.34,-96.7,3580,3590,11535638,58.30208333,PA,2D,5.185,3.3,2,2.8
2164,35.35,-96.7,3605,3628,328000,100,AC,2RIn,3.575,2.4,1,2.4
2168,35.68,-97.5,6193.666667,6211,186065,73.26944444,AC,2DNC,6.709,2.4,1,2.4
2171,36.41,-98.2,8420,9420,609690,22.375,AC,2DNC,6.986,2.6,2,2.1
2173,36.77,-97.8,4958.5,5894,6704059.87,42.90575397,AC,2DNC,5.068,3.6,5,2.9
2176,34.27,-97.6,NA,NA,5938237,536.6575255,AC,2RIn,5.673,2.2,2,2.15
2179,36.43,-97.8,3461,3562,49494,212.5,AC,2DNC,5,2.2,1,2.2
2180,34.26,-97.6,1137.1,1256.4,38369268,87.59524044,AC,2RIn,11.457,2,1,2
2183,36.45,-98.6,NA,NA,135176,355.3571429,AC,2RIn,2.697,1.9,1,1.9
2185,36.2,-97.1,5475,6950,5664872,116.1428571,AC,2DCm,5.939,2.6,1,2.6
2189,36.75,-98.8,6636,11440,NA,NA,ND,2DNC,3.8918,2.6,5,2.44
2192,36.19,-97.2,4286.333333,4318,1598407,287.6603175,AC,2RIn,4.455,2.5,2,2.35
2193,36.26,-98.5,NA,NA,NA,NA,NA,NA,0.78,3.3,1,3.3
2197,36.2,-97.2,4274.25,4332,1041492,112.3050595,AC,2RIn,2.239,2.9,1,2.9
2204,36.65,-98.7,5167,7552,24722848,445.4375,AC,2DNC,4.0395,3.2,4,2.25
2205,36.02,-96.9,4475,6000,6320675,195.8345455,AC,2DNC,5.694,2.3,1,2.3
2207,36.7,-98.9,7000,8400,1154896,44.40909091,AC,2DNC,5.7404,2.5,5,2.1
2209,36.1,-97.8,5514.666667,6354.333333,763461,175.0039683,AC,2RIn,5.217571429,2.9,7,2.371428571
2213,36.33,-98.1,4666,4775,NA,NA,PA,2D,6.502285714,2.8,7,2.457142857
2219,34.05,-97.5,1090,1125,171444,150,AC,2DNC,15,2.3,1,2.3
2221,36.78,-97.5,NA,NA,1294295,22.75,AC,2DNC,4.876666667,3.2,3,2.7
2222,36.45,-97.6,6470,7850,5383938,NA,AC,2DCm,5.06,2.3,1,2.3
2227,36.82,-98.1,5900,5915,NA,NA,AC,2RIn,6.242,2.5,1,2.5
2229,36.11,-97.8,6554,6589.5,509995,839.2857143,AC,2RIn,5.283714286,3.4,7,2.642857143
2230,36.74,-97.4,2919,2931,NA,NA,AC,2DNC,7.086,2.2,1,2.2
2231,36.27,-96.7,2938,2961,511000,NA,AC,2DNC,4.55975,2.6,4,2.35
2233,35.96,-97.8,7870,8050,1084600,1926.25,AC,2DNC,6.412833333,2.6,6,2.35
2242,35.85,-96.6,2066,2110,NA,NA,AC,2DNC,4.954625,2.9,8,2.2375
2244,35.75,-98.6,4285,5319,11274597,834.131734,AC,2DCm,8.42,2,1,2
2247,36.3,-98.3,6849,6990,147992,628.9761905,AC,2RIn,5.0515,2.8,2,2.55
2254,36.31,-96.6,2784,2804,NA,NA,AC,2DNC,6.768,3,1,3
2259,36.59,-98.1,7150,8749,8723862,0.904761905,AC,2DNC,6.464,3,1,3
2262,36.28,-98.4,NA,NA,NA,NA,NA,NA,5.87125,3.7,4,3.05
2264,36.63,-99.3,NA,NA,34212452,1167.090909,AC,2DNC,0.453,2.7,1,2.7
2268,36.76,-98.6,6780,9000,31688541,6.810185185,AC,2DNC,5.188333333,2.6,3,2.333333333
2269,36.25,-96.7,2849.25,2868.25,1242641,138.1160714,AC,2DNC,4.7215,2.7,2,2.4
2273,36.59,-95.5,309,342.6666667,50695.5,98.13492063,AC,2RIn,0.059,2.4,1,2.4
2275,36.13,-98.8,NA,NA,NA,NA,NA,NA,6.937,3.4,1,3.4
2281,35.93,-96.7,3834,4144,116217,NA,AC,2DCm,4.250333333,2.8,6,2.383333333
2283,35.95,-97.8,6314,6348,366770,1100,AC,2RIn,5.678333333,2.7,6,2.15
2284,36.53,-97.7,NA,NA,397540,NA,AC,2DNC,6.498,3.1,1,3.1
2287,36.66,-97.3,4879.333333,5446,6463611,2.520833333,AC,2DNC,3.856,3.1,3,2.533333333
2289,36.89,-97.5,3528,3628,294600,80.95238095,AC,2DNC,5.224,2.2,2,2.15
2290,36.16,-97.4,4470.166667,4551.833333,4530308,357.4924887,AC,2RIn,6.768,2.5,1,2.5
2300,36.92,-97.3,2530,2590,498926,3.571428571,AC,2DNC,6.974,3,2,2.6
2302,35.04,-96.3,3857.5,3882,324000,950,AC,2DNC,0.065,2.6,1,2.6
2308,36.04,-97.6,4689.5,4717.5,508321.67,141.1103896,AC,2DNC,5.396333333,2.6,6,2.233333333
2309,35.84,-97.2,NA,NA,325798,NA,AC,2DNC,6.114,2.7,2,2.5
2314,36.62,-98.6,7000,7440,19397549,32.34848485,AC,2DNC,5.512,2.2,1,2.2
2318,36.21,-96.9,3753,3859,792000,289.2857143,AC,2DNC,4.3515,2.7,2,2.5
2326,34.61,-96.3,1100,1114,5368102,915.8452381,AC,2RIn,3.3492,2.5,5,2.2
2327,36.14,-97.8,5636,5668,10493,175,AC,2RIn,5.867,3.6,7,2.628571429
2329,36.03,-96.8,3824,4022,12044292,301.8916667,AC,2DNC,5.032,2.9,3,2.566666667
2338,36.09,-97.7,3837,3971,1303857,163.6369048,AC,2DNC,5.696333333,3,6,2.366666667
2340,36.54,-97.6,6673,7890,22163410,429.0166667,AC,2DCm,7.98,2.8,1,2.8
2342,36.91,-98.4,5542.5,7315,42144856,283.8576569,AC,2DNC,6.4525,2.2,2,2.15
2349,36.49,-97.5,NA,NA,1092330,100,AC,2DNC,1.06,1.8,1,1.8
2350,36.55,-97.5,5592.5,7150,12077522,32.65694444,AC,2DNC,0.062,1.9,1,1.9
2354,35.79,-98.4,1600,5142,1051808,1012.797619,AC,2DNC,6.654,1.9,1,1.9
2356,36.03,-97.5,6915,8647,2905041,102.5763889,AC,2DNC,5.466,2.4,3,2.233333333
2357,36.87,-98.4,5381.5,6234,31206057,209.1763889,AC,2RIn,5.6875,2.4,2,2.35
2358,35.78,-96.8,NA,NA,476983,3.083333333,AC,2DNC,5.89,2.7,1,2.7
2362,36.6,-99.3,NA,NA,59601585,1255.541667,AC,2DNC,3.867,2.4,2,2.4
2364,36.11,-97.9,6692,6737,361828,750,AC,2RIn,5.421375,2.8,8,2.4
2366,36.13,-96.7,2466.333333,390,11507369,86.75736961,AC,2DCm,5.213,2,1,2
2371,36.07,-96.7,2777.333333,3167.666667,3012852,23.72083333,AC,2DNC,4.8385,2.1,2,2.05
2372,36.28,-98.2,8417.666667,8856.666667,12798637,773.5551587,AC,2DNC,5.94,2,1,2
2377,36.49,-98.6,6422,6455,202174,896.4285714,AC,2RIn,6.669,2.2,1,2.2
2381,36.41,-98.8,2750,3655,2322537,1105.404762,AC,2DCm,4.033,1.2,1,1.2
2387,36.81,-97.5,3797,3813,1945465,34.14285714,AC,2DNC,7.4705,2.3,2,2.2
2392,35.59,-98.1,8127.5,8142.5,1230508,269.7634127,AC,2RIn,2.3595,2.3,2,2.15
2395,35.56,-98.1,6274.5,8160,403944,223.3330069,AC,2RIn,8.621,2,2,1.85
2397,36.76,-97.8,3710,3900,489596,437.5,AC,2DCm,7.977,3.5,1,3.5
2402,35.79,-96.8,NA,NA,60805,14.28571429,AC,2DNC,6.0815,2.3,2,2.25
2403,36.96,-98.8,5878,8078,16980219,NA,AC,2DNC,5.902,2.1,1,2.1
2407,36.02,-96.8,3223.666667,3333.666667,14541570,144.775744,AC,2DNC,3.121,2.7,3,2.333333333
2413,36.02,-96.7,3602,3652,96000,NA,AC,2DNC,4.194,3.6,1,3.6
2415,35.03,-97.6,3730,4955,1027313,557.8333333,AC,2DNC,4.984,2.3,1,2.3
2416,34.55,-97.2,3624.5,3712.5,2125915,562.5,AC,2DNC,3.217,2.1,1,2.1
2417,34.58,-96.2,2360,2485,997031,514.0555556,AC,2DNC,4.9435,2.7,2,2.55
2418,36.06,-96.7,3260,3290.5,721800,10.71428571,AC,2RIn,2.436,2.4,1,2.4
2420,36.34,-98.6,8220,9145,NA,NA,AC,2DCm,5.547,2.3,1,2.3
2427,35.84,-96.6,1308,1332,820,NA,AC,2DNC,6.2844,3.3,5,2.4
2436,36.32,-97.8,7443,8930,1827361,106.4119318,AC,2DNC,5.376,2.6,1,2.6
2437,34.56,-97.5,1536.3125,1644.0625,56909879,481.1876312,AC,2RIn,4.505,2,1,2
2439,36.96,-97.4,3100,3250,69350,NA,AC,2DNC,8.061,2.1,1,2.1
2440,35.89,-98.3,5300,7200,NA,NA,AC,2DCm,6.673,2.4,1,2.4
2441,35.67,-98.1,5000,6450,34760928,470.9340278,AC,2DCm,6.46,2.4,1,2.4
2442,36.49,-98.9,NA,NA,NA,NA,NA,NA,5.196,3.6,1,3.6
2450,36.23,-97.9,8350,9500,580950,381.6875,AC,2DNC,5.3215,2.4,2,2.2
2455,35.68,-98,3100,6000,NA,NA,AC,2DCm,5.665,2.7,1,2.7
2464,36.49,-97.3,NA,NA,1524880,652.8571429,AC,2DNC,6.639,3.6,5,2.66
2470,35.87,-96.6,1420,1444,807420,NA,AC,2DNC,5.2765,3.1,4,2.675
2471,35.88,-96.6,1763.666667,1788.333333,2509844,225.4325397,AC,2RIn,5.5095,2.8,2,2.6
2473,36.12,-97.9,4540,4830,3476900.15,357.1428571,AC,2DCm,4.48,2.1,1,2.1
2476,34.88,-97.6,8442,8496,25085.48,28.57142857,AC,2RIn,5.304,2,1,2
2480,35.25,-96.7,3954.5,3975,9784481,311.2213542,AC,2RIn,5,2.8,1,2.8
2488,35.63,-98.1,8011,8023,723984,432.5,PA,2RIn,6.9425,2.4,2,2.05
2489,35.09,-97.5,4590,6430,2253336,888.6904762,AC,2DNC,5.917,2,1,2
2491,35.64,-98.1,8005,8015,1955909,624.5803571,AC,2RIn,6.2515,2.1,2,2
2494,36.04,-97.9,6545,6563,NA,NA,AC,2RIn,5.0785,3.5,8,2.675
2496,36.95,-99.4,6954,8750,4487106,5.6,AC,2DNC,2.2784,2.6,5,2.14
2499,34.89,-97.6,NA,NA,16688,56.41666667,AC,2RIn,4.824,2.6,1,2.6
2510,36.23,-99.1,3250,5800,NA,NA,AC,2DCm,5.605,2.5,1,2.5
2520,35.88,-97.6,NA,NA,NA,NA,NA,NA,3.748,2.4,1,2.4
2522,36.14,-99,3300,5500,7330734,NA,AC,2DCm,5,2.3,2,2.15
2525,36.25,-98.9,NA,NA,NA,NA,NA,NA,4.756,2.2,1,2.2
2526,35.22,-97.7,NA,NA,NA,NA,NA,NA,6.830833333,2.4,6,2.133333333
2527,36.73,-99.6,NA,NA,NA,NA,NA,NA,2.121,2.4,1,2.4
2528,36.91,-98,4884,4890.5,NA,NA,AC,2RIn,5.155,2.1,1,2.1
2529,35.4,-98.1,NA,NA,NA,NA,NA,NA,5.299666667,2.5,3,2.166666667
2530,36.11,-98.7,NA,NA,NA,NA,NA,NA,6.12,2.4,1,2.4
2531,36.62,-99.2,NA,NA,NA,NA,NA,NA,4.2465,2.5,2,2.3
2532,35.94,-97.5,NA,NA,NA,NA,NA,NA,6.063,2.5,1,2.5
2533,35.62,-98,NA,NA,NA,NA,NA,NA,5.538,2.5,5,2.22
2534,36.37,-95.9,NA,NA,365717,187.5807823,AC,2DNC,9.371,2.3,1,2.3
2535,35.49,-97.8,NA,NA,NA,NA,NA,NA,9.402,2.3,2,2.3
2536,35.37,-98.1,NA,NA,NA,NA,NA,NA,8.1085,2.8,8,2.35
2537,35.23,-97.7,NA,NA,NA,NA,NA,NA,7.436714286,2.6,7,2.157142857
2538,36.01,-97.9,6488.4,7051.6,42249184,524.1996032,AC,2DCm,4.847714286,3.1,7,2.371428571
2539,36.94,-98.8,NA,NA,NA,NA,NA,NA,6.072,2.2,1,2.2
2540,35.61,-98,NA,NA,NA,NA,NA,NA,7.651,2.8,2,2.3
2541,35.35,-96.9,NA,NA,NA,NA,NA,NA,3.68,2.5,1,2.5
2542,35.07,-96.2,NA,NA,NA,NA,NA,NA,0.080333333,2.3,3,2.3
2544,34.75,-97.6,8211.777778,8254.666667,24600942,425.2148449,AC,2DNC,4.3495,2.4,2,2.35
2546,36.48,-97.7,NA,NA,NA,NA,NA,NA,4.892,2.3,1,2.3
2547,35.89,-97.1,NA,NA,77602,NA,AC,2DNC,5.634,2.4,1,2.4
2548,34.96,-97.8,NA,NA,NA,NA,NA,NA,6.454571429,2.5,7,2.071428571
2549,35.42,-97.9,NA,NA,NA,NA,NA,NA,4.5925,2.8,2,2.5
2550,36.7,-99.4,NA,NA,NA,NA,NA,NA,4.41,2.2,1,2.2
2551,36.71,-99.4,NA,NA,NA,NA,NA,NA,4.765,2.7,5,2.38
2552,34.95,-97.8,NA,NA,NA,NA,NA,NA,4.741,3,1,3
2553,36.16,-97.7,NA,NA,NA,NA,NA,NA,4.845666667,2.7,3,2.233333333
2554,34.74,-97.6,9308.272727,9379.818182,18001635.5,487.5193301,AC,2RIn,5.675,2.4,1,2.4
2556,35.4,-97.9,NA,NA,NA,NA,NA,NA,6.456,2.2,1,2.2
2557,35.39,-97.9,NA,NA,NA,NA,NA,NA,4.553,2.1,1,2.1
